t_s	status	BIG	BIG_MID	MID	LITTLE	skin	soc	cap_cpu2	cap_cpu7	cd_big	cd_cpu2	cd_cpu0	mem_avail_kb
1	0	38.0	37.0	37.0	38.0	34.432014	35.613003	3052000	3782000	5471000	1853000	999000	7482508
6	0	43.000004	41.000004	43.000004	40.0	34.423264	35.646	3052000	3782000	5471000	1853000	999000	7318424
11	0	40.0	40.0	41.000004	43.000004	34.409935	36.303	3052000	3782000	5471000	1853000	999000	7199812
16	0	42.000004	41.000004	42.000004	42.000004	34.34487	36.663002	3052000	3782000	5471000	1853000	999000	7095568
22	0	45.000004	45.000004	48.000004	45.000004	34.21981	37.519	3052000	3782000	5471000	1853000	999000	6934296
27	0	45.000004	44.000004	45.000004	45.000004	34.11381	38.893	3052000	3782000	5471000	1853000	999000	6824180
32	0	47.000004	45.000004	46.000004	45.000004	34.07373	40.06	3052000	3782000	5471000	1853000	999000	6850416
37	0	60.000004	51.000004	48.000004	48.000004	34.03526	40.863003	3052000	3782000	5471000	1853000	999000	6785040
43	0	69.0	55.000004	52.000004	51.000004	34.113407	41.539	3052000	3782000	5471000	1853000	999000	6164908
48	0	61.000004	52.000004	51.000004	50.000004	34.14972	42.118004	3052000	3782000	5471000	1853000	999000	5546228
53	0	62.000004	53.000004	51.000004	51.000004	34.17151	42.439003	3052000	3782000	5471000	1853000	999000	5309040
59	0	62.000004	53.000004	52.000004	51.000004	34.39292	42.735	3052000	3782000	5471000	1853000	999000	4965940
64	0	64.0	54.000004	52.000004	52.000004	34.60547	43.029003	3052000	3782000	5471000	1853000	999000	4442496
70	0	61.000004	57.000004	57.000004	54.000004	34.797997	43.408	3052000	3782000	5471000	1853000	999000	3814444
75	0	63.000004	59.000004	61.000004	55.000004	34.913517	44.328003	3052000	3782000	5471000	1853000	999000	3197856
80	0	77.0	60.000004	57.000004	55.000004	35.161255	45.023003	3052000	3782000	5471000	1853000	999000	2665820
85	0	70.0	59.000004	57.000004	56.000004	35.399082	45.735	3052000	3782000	5471000	1853000	999000	2115264
91	0	70.0	59.000004	57.000004	56.000004	35.576584	46.169003	3052000	3782000	5471000	1853000	999000	1512676
96	0	96.00001	92.00001	94.00001	73.0	35.683083	46.759003	3052000	3782000	5471000	1853000	999000	1255272
101	0	75.0	65.0	64.0	62.000004	35.96751	49.988003	3052000	3782000	5471000	1853000	999000	2259904
107	0	72.0	62.000004	60.000004	60.000004	36.35624	49.7	3052000	3782000	5471000	1853000	999000	7271796
112	0	48.000004	48.000004	48.000004	48.000004	36.443707	48.766003	3052000	3782000	5471000	1853000	999000	7417320
117	0	47.000004	46.000004	47.000004	49.000004	36.770706	45.829002	3052000	3782000	5471000	1853000	999000	7271112
123	0	46.000004	46.000004	46.000004	46.000004	36.91788	44.012	3052000	3782000	5471000	1853000	999000	7104884
128	0	62.000004	53.000004	51.000004	50.000004	37.05917	43.135002	3052000	3782000	5471000	1853000	999000	6929640
133	0	50.000004	48.000004	49.000004	49.000004	37.049824	43.386	3052000	3782000	5471000	1853000	999000	6898072
138	0	49.000004	47.000004	49.000004	48.000004	36.8699	43.920002	3052000	3782000	5471000	1853000	999000	6849004
144	0	67.0	50.000004	48.000004	49.000004	36.765316	44.112003	3052000	3782000	5471000	1853000	999000	6828060
149	0	61.000004	58.000004	58.000004	53.000004	36.43746	44.256	3052000	3782000	5471000	1853000	999000	6377560
154	0	65.0	56.000004	54.000004	54.000004	36.363697	44.488003	3052000	3782000	5471000	1853000	999000	5699312
160	0	65.0	56.000004	55.000004	54.000004	36.287548	44.962	3052000	3782000	5471000	1853000	999000	5008232
165	0	65.0	56.000004	55.000004	54.000004	36.34583	45.132004	3052000	3782000	5471000	1853000	999000	4368880
170	0	57.000004	56.000004	56.000004	53.000004	36.40178	45.233	3052000	3782000	5471000	1853000	999000	4000940
175	0	58.000004	56.000004	56.000004	54.000004	36.50633	45.025	3052000	3782000	5471000	1853000	999000	3781696
181	0	60.000004	57.000004	57.000004	54.000004	36.56906	44.798	3052000	3782000	5471000	1853000	999000	3431980
186	0	62.000004	58.000004	59.000004	55.000004	36.675644	44.789	3052000	3782000	5471000	1853000	999000	2948972
191	0	62.000004	60.000004	61.000004	56.000004	36.777954	45.269	3052000	3782000	5471000	1853000	999000	2490448
196	0	71.0	60.000004	58.000004	57.000004	36.927494	45.753002	3052000	3782000	5471000	1853000	999000	1975168
202	0	78.0	61.000004	59.000004	57.000004	37.025032	46.298	3052000	3782000	5471000	1853000	999000	1369456
207	0	86.00001	84.00001	89.00001	75.0	37.08637	48.455	3052000	3782000	5471000	1853000	999000	1680336
212	0	65.0	59.000004	58.000004	58.000004	37.254284	49.65	3052000	3398000	3798000	1853000	999000	4656224
218	0	51.000004	50.000004	50.000004	51.000004	37.455105	48.600002	3052000	3398000	3798000	1853000	999000	7480444
223	0	49.000004	48.000004	49.000004	51.000004	37.611618	46.612003	3052000	3398000	3798000	1853000	999000	7386088
228	0	46.000004	45.000004	47.000004	49.000004	37.67468	44.88	3052000	3398000	3798000	1853000	999000	7253036
233	0	47.000004	45.000004	46.000004	47.000004	37.735218	43.715004	3052000	3782000	5471000	1853000	999000	7093888
239	0	56.000004	52.000004	51.000004	51.000004	37.752583	43.535004	3052000	3782000	5471000	1853000	999000	6989636
244	0	64.0	53.000004	52.000004	51.000004	37.763004	44.402	3052000	3782000	5471000	1853000	999000	6902308
249	0	54.000004	50.000004	50.000004	50.000004	37.633934	44.940002	3052000	3782000	5471000	1853000	999000	6950216
255	0	66.0	56.000004	54.000004	54.000004	37.51003	45.2	3052000	3782000	5471000	1853000	999000	6733256
260	0	67.0	57.000004	55.000004	55.000004	37.35368	45.460003	3052000	3782000	5471000	1853000	999000	5973812
265	0	67.0	58.000004	56.000004	56.000004	37.259872	45.845	3052000	3782000	5471000	1853000	999000	5205192
271	0	67.0	57.000004	56.000004	55.000004	37.20973	46.085003	3052000	3782000	5471000	1853000	999000	4561944
276	0	62.000004	59.000004	61.000004	55.000004	37.308666	46.120003	3052000	3782000	5471000	1853000	999000	4038000
281	0	59.000004	59.000004	58.000004	54.000004	37.330933	46.005	3052000	3782000	5471000	1853000	999000	3863264
286	0	60.000004	59.000004	58.000004	54.000004	37.40895	45.725002	3052000	3782000	5471000	1853000	999000	3547280
292	0	60.000004	63.000004	60.000004	54.000004	37.545174	45.603	3052000	3782000	5471000	1853000	999000	3162548
297	0	73.0	63.000004	60.000004	59.000004	37.63101	45.819004	3052000	3782000	5471000	1853000	999000	2781376
302	0	71.0	60.000004	57.000004	57.000004	37.701847	46.202003	3052000	3782000	5471000	1853000	999000	2185276
308	0	67.0	58.000004	58.000004	58.000004	37.784428	46.808002	3052000	3398000	3798000	1853000	999000	1638252
313	0	80.0	83.00001	87.00001	73.0	37.808475	47.449	3052000	3398000	3798000	1853000	999000	1587740
318	0	66.0	60.000004	59.000004	60.000004	37.850174	49.593002	3052000	3398000	3798000	1853000	999000	2526364
323	0	61.000004	56.000004	56.000004	56.000004	37.85956	49.336002	2937000	3168000	3424000	1561000	999000	7247044
329	0	47.000004	46.000004	47.000004	48.000004	38.045403	47.403004	3052000	3168000	3277000	1853000	999000	7479732
334	0	45.000004	44.000004	45.000004	46.000004	38.131737	45.428	3052000	3168000	3277000	1853000	999000	7450132
339	0	54.000004	53.000004	53.000004	48.000004	38.21461	43.943	3052000	3168000	3424000	1853000	999000	7374888
344	0	46.000004	45.000004	46.000004	48.000004	38.211338	43.488003	3052000	3398000	3798000	1853000	999000	7245532
349	0	50.000004	47.000004	48.000004	47.000004	38.209377	42.960003	3052000	3398000	3798000	1853000	999000	7061440
355	0	50.000004	48.000004	51.000004	49.000004	38.120472	42.848003	3052000	3398000	3798000	1853000	999000	6911480
360	0	50.000004	48.000004	50.000004	50.000004	37.849304	43.629	3052000	3782000	5471000	1853000	999000	6897800
365	0	50.000004	49.000004	50.000004	50.000004	37.701603	44.163002	3052000	3782000	5471000	1853000	999000	6909840
371	0	69.0	55.000004	53.000004	52.000004	37.61298	44.81	3052000	3782000	5471000	1853000	999000	6835136
376	0	67.0	57.000004	56.000004	55.000004	37.430016	45.109	3052000	3782000	5471000	1853000	999000	6165712
381	0	67.0	57.000004	55.000004	55.000004	37.254375	45.773003	3052000	3782000	5471000	1853000	999000	5458028
387	0	67.0	57.000004	56.000004	55.000004	37.214615	46.068	3052000	3782000	5471000	1853000	999000	4783624
392	0	61.000004	57.000004	58.000004	55.000004	37.310402	46.258003	3052000	3782000	5471000	1853000	999000	4248360
397	0	62.000004	59.000004	59.000004	55.000004	37.402348	46.250004	3052000	3782000	5471000	1853000	999000	3808284
402	0	60.000004	59.000004	59.000004	55.000004	37.57522	46.116	3052000	3782000	5471000	1853000	999000	3669380
408	0	60.000004	57.000004	58.000004	55.000004	37.713665	46.039	3052000	3782000	5471000	1853000	999000	3228000
413	0	77.0	60.000004	57.000004	56.000004	37.809235	46.125004	3052000	3782000	5471000	1853000	999000	2791936
418	0	70.0	60.000004	58.000004	57.000004	37.864326	46.719	3052000	3782000	5471000	1853000	999000	2265704
424	0	63.000004	57.000004	56.000004	56.000004	37.917213	47.049004	3052000	3398000	3798000	1853000	999000	1610148
429	0	83.00001	82.00001	86.00001	71.0	37.99077	47.063004	3052000	3398000	3798000	1853000	999000	1293420
434	0	84.00001	84.00001	90.00001	75.0	38.04484	50.296	3052000	3398000	3798000	1853000	999000	2092128
440	0	86.00001	85.00001	91.00001	77.0	38.077286	53.101	3052000	3398000	3798000	1853000	999000	2859604
445	0	87.00001	85.00001	91.00001	77.0	38.33307	55.471004	2841000	3168000	3277000	1345000	609000	3066000
450	0	83.00001	83.00001	87.00001	76.0	38.605232	56.446003	2688000	2937000	2770000	1198000	489000	3064472
456	0	82.00001	81.00001	85.00001	75.0	38.76853	57.211002	2534000	2707000	2396000	963000	403000	3034568
461	0	80.0	80.0	83.00001	74.0	39.17083	57.4	2534000	2707000	2396000	963000	403000	3034684
467	1	78.0	77.0	80.0	72.0	40.10101	57.207005	2400000	2707000	2303000	833000	369000	3050744
472	1	75.0	74.0	77.0	70.0	40.563763	56.787003	2284000	2592000	2008000	740000	318000	3052276
478	1	73.0	72.0	75.0	68.0	40.807087	56.179	2188000	2457000	1816000	647000	279000	3031508
483	1	71.0	71.0	73.0	67.0	40.945816	55.260002	2188000	2457000	1816000	647000	279000	3030992
489	1	68.0	67.0	69.0	65.0	41.02905	54.301003	2092000	2342000	1655000	585000	209000	2996784
494	1	65.0	65.0	67.0	63.000004	41.126602	53.205	1939000	2208000	1462000	535000	209000	2999140
499	1	63.000004	63.000004	65.0	61.000004	41.08046	52.483	1862000	2208000	1462000	480000	209000	2967032
505	1	63.000004	62.000004	64.0	61.000004	41.052773	51.359	1785000	2208000	1462000	480000	209000	3002352
510	1	61.000004	61.000004	63.000004	60.000004	40.996807	50.549004	1785000	2208000	1462000	388000	209000	3086392
516	1	60.000004	61.000004	62.000004	59.000004	40.943085	49.980003	1785000	2208000	1462000	388000	279000	3081276
521	1	60.000004	60.000004	62.000004	58.000004	40.815434	49.529003	1785000	2208000	1462000	388000	318000	3070060
527	1	61.000004	60.000004	62.000004	59.000004	40.78671	49.352	1785000	2208000	1462000	388000	369000	3048044
532	1	60.000004	60.000004	61.000004	58.000004	40.532703	49.105003	1785000	2208000	1462000	388000	369000	3049616
538	1	59.000004	60.000004	62.000004	58.000004	40.314125	48.949	1785000	2208000	1462000	388000	403000	3025840
543	1	61.000004	60.000004	62.000004	58.000004	40.21209	48.826004	1785000	2208000	1462000	388000	403000	3022588
549	1	60.000004	59.000004	61.000004	58.000004	40.18037	48.772003	1785000	2208000	1462000	388000	489000	3000452
554	1	60.000004	60.000004	62.000004	59.000004	40.1483	48.719	1785000	2208000	1462000	388000	489000	3098720
560	1	60.000004	60.000004	62.000004	58.000004	40.129055	48.696003	1785000	2208000	1462000	388000	489000	3106620
565	1	59.000004	60.000004	62.000004	58.000004	40.070225	48.653004	1785000	2208000	1462000	388000	489000	3099820
571	1	59.000004	60.000004	61.000004	58.000004	39.999275	48.613003	1785000	2208000	1462000	388000	609000	3076256
576	1	60.000004	59.000004	61.000004	58.000004	39.98331	48.586002	1785000	2208000	1462000	388000	609000	3086972
581	1	60.000004	59.000004	61.000004	58.000004	39.968212	48.539	1785000	2208000	1462000	388000	609000	3091444
587	1	60.000004	59.000004	61.000004	58.000004	39.974194	48.510002	1785000	2208000	1462000	388000	609000	3085828
592	1	60.000004	59.000004	61.000004	58.000004	39.965694	48.49	1785000	2208000	1462000	388000	609000	3082856
598	1	60.000004	60.000004	61.000004	59.000004	39.956238	48.493004	1785000	2208000	1462000	388000	867000	3079536
603	1	60.000004	60.000004	62.000004	59.000004	39.948677	48.512	1785000	2208000	1462000	388000	867000	3069612
609	1	60.000004	60.000004	62.000004	58.000004	39.94414	48.52	1785000	2208000	1462000	388000	867000	3065932
614	1	60.000004	60.000004	62.000004	58.000004	39.957314	48.519	1785000	2208000	1462000	388000	867000	3068288
620	1	60.000004	59.000004	61.000004	58.000004	39.93945	48.505	1785000	2208000	1462000	388000	999000	3059008
625	1	60.000004	60.000004	62.000004	58.000004	39.926952	48.500004	1785000	2208000	1462000	388000	999000	3062104
631	1	60.000004	60.000004	62.000004	59.000004	39.92675	48.539	1785000	2208000	1462000	388000	999000	3108652
636	1	61.000004	60.000004	62.000004	59.000004	39.926632	48.558002	1785000	2208000	1462000	388000	999000	3127204
642	1	60.000004	60.000004	62.000004	58.000004	39.973118	48.586002	1785000	2208000	1462000	388000	999000	3127452
647	1	60.000004	60.000004	62.000004	58.000004	40.007786	48.578003	1785000	2208000	1462000	388000	999000	3125740
653	1	61.000004	60.000004	62.000004	58.000004	40.022312	48.565002	1785000	2208000	1462000	388000	999000	3123344
658	1	60.000004	60.000004	62.000004	58.000004	40.023174	48.559002	1785000	2208000	1462000	388000	999000	3123492
664	1	60.000004	60.000004	61.000004	58.000004	40.02196	48.572002	1785000	2208000	1462000	388000	999000	3122812
669	1	60.000004	60.000004	62.000004	58.000004	40.02061	48.609	1785000	2208000	1462000	388000	999000	3123964
674	1	60.000004	60.000004	62.000004	58.000004	40.04484	48.642002	1785000	2208000	1462000	388000	999000	3125480
680	1	60.000004	60.000004	61.000004	59.000004	40.05938	48.666004	1785000	2208000	1462000	388000	999000	3130872
685	1	61.000004	60.000004	62.000004	58.000004	40.08536	48.666004	1785000	2208000	1462000	388000	999000	3125360
691	1	61.000004	60.000004	62.000004	60.000004	40.104313	48.778004	1785000	2208000	1462000	388000	999000	3079340
696	1	60.000004	60.000004	62.000004	58.000004	40.12763	48.783	1785000	2208000	1462000	388000	999000	3088656
702	1	53.000004	51.000004	52.000004	52.000004	40.141617	48.475002	1785000	2208000	1462000	388000	999000	3260108
707	1	51.000004	49.000004	49.000004	50.000004	40.166336	47.709003	1785000	2208000	1462000	388000	999000	5743608
712	1	48.000004	46.000004	47.000004	48.000004	40.1675	46.148003	1862000	2208000	1462000	480000	999000	7468108
717	1	46.000004	45.000004	45.000004	46.000004	40.154373	44.913002	1939000	2342000	1655000	535000	999000	7463040
723	1	45.000004	44.000004	45.000004	45.000004	40.11204	43.892002	1939000	2342000	1655000	535000	999000	7464204
728	1	44.000004	44.000004	44.000004	45.000004	40.0714	43.100002	2092000	2457000	1816000	585000	999000	7463964
733	1	44.000004	43.000004	44.000004	44.000004	40.053722	42.543003	2188000	2592000	2008000	647000	999000	7467920
739	1	44.000004	43.000004	43.000004	44.000004	40.049744	42.228	2284000	2707000	2303000	740000	999000	7465524
744	1	44.000004	43.000004	43.000004	44.000004	40.016506	41.778004	2284000	2707000	2303000	740000	999000	7468996
749	1	43.000004	42.000004	43.000004	44.000004	39.830547	41.519	2400000	2707000	2396000	833000	999000	7468992
755	1	43.000004	42.000004	43.000004	43.000004	39.65203	41.272003	2534000	2937000	2770000	963000	999000	7465924
760	1	43.000004	42.000004	43.000004	43.000004	39.506428	41.186	2688000	3168000	3277000	1198000	999000	7434568
765	1	43.000004	42.000004	43.000004	43.000004	39.419067	41.002003	2688000	3168000	3277000	1198000	999000	7433732
770	1	43.000004	41.000004	42.000004	43.000004	39.266174	40.925003	2841000	3168000	3424000	1345000	999000	7465520
776	1	43.000004	42.000004	42.000004	43.000004	39.119392	40.748	2937000	3398000	3798000	1561000	999000	7446684
781	1	43.000004	41.000004	42.000004	43.000004	39.014492	40.655003	3052000	3398000	3798000	1853000	999000	7441596
786	1	43.000004	43.000004	43.000004	43.000004	38.95155	40.510002	3052000	3398000	3798000	1853000	999000	7412960
791	1	42.000004	41.000004	42.000004	43.000004	38.83273	40.453003	3052000	3398000	3798000	1853000	999000	7400700
797	1	43.000004	41.000004	42.000004	43.000004	38.71866	40.309002	3052000	3782000	5471000	1853000	999000	7461904
802	1	42.000004	42.000004	42.000004	42.000004	38.61536	40.242	3052000	3782000	5471000	1853000	999000	7461188
807	1	42.000004	41.000004	42.000004	43.000004	38.486347	40.129	3052000	3782000	5471000	1853000	999000	7435600
813	1	42.000004	42.000004	42.000004	42.000004	38.446117	40.089	3052000	3782000	5471000	1853000	999000	7437584
818	1	43.000004	41.000004	42.000004	43.000004	38.395546	39.989002	3052000	3782000	5471000	1853000	999000	7456516
823	1	42.000004	41.000004	42.000004	42.000004	38.384167	39.953003	3052000	3782000	5471000	1853000	999000	7451032
829	1	42.000004	40.0	41.000004	42.000004	38.324696	39.813004	3052000	3782000	5471000	1853000	999000	7458632
834	1	42.000004	41.000004	41.000004	42.000004	38.220993	39.716003	3052000	3782000	5471000	1853000	999000	7461416
839	1	42.000004	40.0	41.000004	42.000004	38.16062	39.649002	3052000	3782000	5471000	1853000	999000	7432072
844	1	42.000004	40.0	41.000004	42.000004	38.122177	39.570004	3052000	3782000	5471000	1853000	999000	7430368
850	1	42.000004	40.0	41.000004	42.000004	38.11699	39.496002	3052000	3782000	5471000	1853000	999000	7499016
855	1	41.000004	40.0	41.000004	42.000004	38.11201	39.409	3052000	3782000	5471000	1853000	999000	7499592
860	1	42.000004	41.000004	41.000004	42.000004	38.052147	39.389004	3052000	3782000	5471000	1853000	999000	7458484
866	1	42.000004	40.0	41.000004	42.000004	38.012787	39.525	3052000	3782000	5471000	1853000	999000	7462716
871	1	42.000004	41.000004	41.000004	42.000004	37.997253	39.452003	3052000	3782000	5471000	1853000	999000	7466308
876	1	42.000004	40.0	41.000004	42.000004	37.933712	39.342003	3052000	3782000	5471000	1853000	999000	7431520
882	1	41.000004	40.0	41.000004	42.000004	37.865623	39.276	3052000	3782000	5471000	1853000	999000	7442296
887	1	42.000004	40.0	41.000004	42.000004	37.813984	39.199	3052000	3782000	5471000	1853000	999000	7416272
892	1	41.000004	40.0	41.000004	41.000004	37.77754	39.156002	3052000	3782000	5471000	1853000	999000	7415248
898	1	41.000004	41.000004	41.000004	41.000004	37.74255	39.092003	3052000	3782000	5471000	1853000	999000	7478676
903	1	41.000004	40.0	40.0	41.000004	37.706917	39.009003	3052000	3782000	5471000	1853000	999000	7481944
908	1	41.000004	40.0	41.000004	41.000004	37.67271	38.989002	3052000	3782000	5471000	1853000	999000	7453020
914	1	41.000004	40.0	41.000004	41.000004	37.653084	38.973003	3052000	3782000	5471000	1853000	999000	7452040
919	1	41.000004	40.0	41.000004	41.000004	37.63424	38.923	3052000	3782000	5471000	1853000	999000	7448688
924	1	42.000004	40.0	41.000004	42.000004	37.57554	38.980003	3052000	3782000	5471000	1853000	999000	7446728
930	1	41.000004	41.000004	41.000004	41.000004	37.51918	39.026	3052000	3782000	5471000	1853000	999000	7439572
935	1	41.000004	40.0	40.0	41.000004	37.477024	38.955	3052000	3782000	5471000	1853000	999000	7440480
940	1	41.000004	40.0	40.0	41.000004	37.451733	38.836002	3052000	3782000	5471000	1853000	999000	7434100
945	1	41.000004	40.0	41.000004	42.000004	37.39667	38.745003	3052000	3782000	5471000	1853000	999000	7439376
951	1	41.000004	40.0	40.0	41.000004	37.34381	38.718002	3052000	3782000	5471000	1853000	999000	7477964
956	1	41.000004	40.0	41.000004	41.000004	37.275063	38.65	3052000	3782000	5471000	1853000	999000	7454236
961	1	41.000004	41.000004	41.000004	41.000004	37.233818	38.600002	3052000	3782000	5471000	1853000	999000	7453116
967	1	41.000004	39.0	40.0	41.000004	37.205276	38.536003	3052000	3782000	5471000	1853000	999000	7448252
972	1	41.000004	39.0	40.0	41.000004	37.177876	38.442	3052000	3782000	5471000	1853000	999000	7450492
977	1	41.000004	39.0	40.0	41.000004	37.15842	38.405003	3052000	3782000	5471000	1853000	999000	7454304
983	1	41.000004	39.0	40.0	41.000004	37.140182	38.379	3052000	3782000	5471000	1853000	999000	7454428
988	1	40.0	39.0	40.0	41.000004	37.13388	38.320004	3052000	3782000	5471000	1853000	999000	7456440
993	1	40.0	39.0	40.0	41.000004	37.1075	38.27	3052000	3782000	5471000	1853000	999000	7460528
999	0	40.0	39.0	40.0	41.000004	37.055042	38.22	3052000	3782000	5471000	1853000	999000	7482368
1004	0	55.000004	50.000004	53.000004	44.000004	37.027126	38.478	3052000	3782000	5471000	1853000	999000	7407548
1009	0	43.000004	42.000004	43.000004	44.000004	36.94703	39.173	3052000	3782000	5471000	1853000	999000	7316748
1014	0	44.000004	43.000004	44.000004	44.000004	36.862762	39.465	3052000	3782000	5471000	1853000	999000	7117880
1019	0	51.000004	48.000004	47.000004	48.000004	36.823017	40.178	3052000	3782000	5471000	1853000	999000	6944988
1025	0	52.000004	47.000004	47.000004	47.000004	36.61789	41.792004	3052000	3782000	5471000	1853000	999000	6888300
1030	0	51.000004	47.000004	48.000004	48.000004	36.494812	42.692	3052000	3782000	5471000	1853000	999000	6905504
1035	0	63.000004	53.000004	51.000004	51.000004	36.46308	43.263	3052000	3782000	5471000	1853000	999000	6818124
1041	0	66.0	56.000004	54.000004	54.000004	36.45594	43.696003	3052000	3782000	5471000	1853000	999000	6114472
1046	0	66.0	56.000004	55.000004	54.000004	36.426636	44.52	3052000	3782000	5471000	1853000	999000	5350672
1051	0	65.0	56.000004	55.000004	54.000004	36.53256	45.025	3052000	3782000	5471000	1853000	999000	4705540
1057	0	62.000004	59.000004	59.000004	55.000004	36.634247	45.312	3052000	3782000	5471000	1853000	999000	4143840
1062	0	60.000004	58.000004	59.000004	55.000004	36.81191	45.403004	3052000	3782000	5471000	1853000	999000	3877920
1067	0	59.000004	57.000004	57.000004	54.000004	36.918507	45.362003	3052000	3782000	5471000	1853000	999000	3581872
1072	0	60.000004	58.000004	59.000004	55.000004	37.285416	45.398003	3052000	3782000	5471000	1853000	999000	3208612
1078	0	70.0	60.000004	58.000004	57.000004	37.550873	45.682003	3052000	3782000	5471000	1853000	999000	2735368
1083	0	70.0	59.000004	58.000004	57.000004	37.667995	46.159	3052000	3782000	5471000	1853000	999000	2153800
1088	0	73.0	61.000004	59.000004	58.000004	37.78043	46.766003	3052000	3782000	5471000	1853000	999000	1462164
1094	0	85.00001	84.00001	88.00001	73.0	37.86562	47.926003	3052000	3398000	3798000	1853000	999000	1638068
1099	0	85.00001	85.00001	90.00001	78.0	37.9474	51.100002	3052000	3398000	3798000	1853000	999000	2475556
1104	0	85.00001	84.00001	90.00001	78.0	38.078506	53.500004	3052000	3168000	3424000	1853000	999000	3077512
1110	0	85.00001	85.00001	90.00001	77.0	38.20437	55.827003	2937000	3168000	3277000	1561000	867000	3042536
1115	0	85.00001	86.00001	91.00001	77.0	38.78039	56.892002	2841000	2937000	2770000	1345000	609000	3049120
1120	0	82.00001	82.00001	87.00001	76.0	39.324253	57.583004	2688000	2707000	2396000	1198000	489000	3063360
1126	0	82.00001	83.00001	87.00001	75.0	39.572807	57.781002	2688000	2707000	2396000	1198000	489000	3055780
1131	1	80.0	79.0	83.00001	74.0	40.359253	57.774002	2534000	2707000	2303000	963000	403000	2996164
1137	1	76.0	76.0	79.0	72.0	40.72798	57.416004	2400000	2592000	2008000	833000	369000	2972732
1142	1	73.0	72.0	75.0	69.0	40.9443	56.652004	2284000	2457000	1816000	740000	318000	2997300
1147	1	73.0	72.0	75.0	68.0	41.046402	56.06	2284000	2457000	1816000	740000	318000	3118544
1153	1	69.0	68.0	70.0	65.0	41.159733	55.055004	2188000	2342000	1655000	647000	279000	3124092
1158	1	66.0	65.0	68.0	64.0	41.209724	53.971	2092000	2208000	1462000	585000	279000	3101412
1164	1	63.000004	63.000004	65.0	61.000004	41.181896	53.258003	1862000	2208000	1462000	480000	279000	3089468
1169	1	62.000004	62.000004	64.0	61.000004	41.079105	51.894	1785000	2208000	1462000	388000	318000	3095728
1175	1	61.000004	62.000004	63.000004	60.000004	41.027443	51.014004	1785000	2208000	1462000	388000	318000	3098124
1180	1	61.000004	60.000004	62.000004	59.000004	40.930004	50.237003	1785000	2208000	1462000	388000	369000	3068464
1186	1	60.000004	60.000004	62.000004	59.000004	40.836464	49.763	1785000	2208000	1462000	388000	403000	3060568
1191	1	61.000004	60.000004	62.000004	60.000004	40.6952	49.488003	1785000	2208000	1462000	388000	403000	3044164
1196	1	60.000004	60.000004	62.000004	59.000004	40.542267	49.316	1785000	2208000	1462000	388000	403000	3036408
1202	1	60.000004	60.000004	62.000004	59.000004	40.450504	49.135002	1785000	2208000	1462000	388000	489000	3106740
1207	1	60.000004	61.000004	63.000004	60.000004	40.30751	49.012	1785000	2208000	1462000	388000	489000	3084552
1212	1	60.000004	60.000004	62.000004	58.000004	40.23127	48.955	1785000	2208000	1462000	388000	609000	3078172
1218	1	60.000004	60.000004	62.000004	59.000004	40.18897	48.908	1785000	2208000	1462000	388000	609000	3062884
1223	1	60.000004	60.000004	62.000004	59.000004	40.169968	48.896004	1785000	2208000	1462000	388000	609000	3062248
1229	1	60.000004	60.000004	61.000004	58.000004	40.15173	48.843002	1785000	2208000	1462000	388000	609000	3058012
1234	1	61.000004	60.000004	62.000004	58.000004	40.144794	48.800003	1785000	2208000	1462000	388000	609000	3063004
1240	1	60.000004	61.000004	62.000004	59.000004	40.121147	48.775	1785000	2208000	1462000	388000	609000	3062968
1245	1	61.000004	60.000004	62.000004	58.000004	40.109455	48.773003	1785000	2208000	1462000	388000	609000	3062720
1251	1	61.000004	60.000004	62.000004	59.000004	40.116405	48.765003	1785000	2208000	1462000	388000	867000	3063388
1256	1	61.000004	60.000004	62.000004	59.000004	40.12308	48.755	1785000	2208000	1462000	388000	867000	3080964
1262	1	60.000004	60.000004	62.000004	59.000004	40.115025	48.730003	1785000	2208000	1462000	388000	867000	3079128
1267	1	60.000004	60.000004	62.000004	59.000004	40.107677	48.710003	1785000	2208000	1462000	388000	867000	3072456
1272	1	61.000004	60.000004	62.000004	58.000004	40.103268	48.685	1785000	2208000	1462000	388000	999000	3073420
1278	1	60.000004	59.000004	61.000004	58.000004	40.126415	48.685	1785000	2208000	1462000	388000	999000	3066844
1283	1	60.000004	60.000004	62.000004	58.000004	40.14864	48.625004	1785000	2208000	1462000	388000	999000	3073216
1289	1	60.000004	60.000004	62.000004	58.000004	40.146305	48.58	1785000	2208000	1462000	388000	999000	3068272
1294	1	60.000004	60.000004	61.000004	59.000004	40.13993	48.568	1785000	2208000	1462000	388000	999000	3065576
1300	1	60.000004	60.000004	62.000004	59.000004	40.133812	48.628002	1785000	2208000	1462000	388000	999000	3092932
1305	1	61.000004	60.000004	62.000004	59.000004	40.116062	49.113003	1785000	2208000	1462000	388000	999000	3023560
1310	1	60.000004	60.000004	62.000004	59.000004	40.11566	49.302002	1785000	2208000	1462000	388000	999000	2881076
1315	1	60.000004	61.000004	62.000004	59.000004	40.117817	49.413002	1785000	2208000	1462000	388000	999000	2960256
1321	1	61.000004	61.000004	63.000004	60.000004	40.144356	49.480003	1785000	2208000	1462000	388000	999000	2858064
1326	1	61.000004	61.000004	63.000004	61.000004	40.169834	49.486004	1785000	2208000	1462000	388000	867000	2980800
1332	1	61.000004	61.000004	63.000004	59.000004	40.22155	49.442	1785000	2208000	1462000	388000	999000	2863048
1337	1	61.000004	61.000004	63.000004	59.000004	40.233185	49.413002	1785000	2208000	1462000	388000	999000	3066084
1343	1	61.000004	60.000004	62.000004	59.000004	40.29915	49.395	1785000	2208000	1462000	388000	999000	2933164
1348	1	61.000004	61.000004	62.000004	59.000004	40.352837	49.426003	1785000	2208000	1462000	388000	999000	2972264
1353	1	61.000004	61.000004	62.000004	59.000004	40.381306	49.455	1785000	2208000	1462000	388000	999000	2871472
1359	1	61.000004	61.000004	63.000004	61.000004	40.39704	49.432003	1785000	2208000	1462000	388000	999000	2997236
1364	1	61.000004	61.000004	63.000004	60.000004	40.40422	49.579002	1785000	2208000	1462000	388000	999000	2929708
1369	1	54.000004	53.000004	54.000004	54.000004	40.408524	49.338	1785000	2208000	1462000	388000	999000	3828732
1375	1	53.000004	53.000004	54.000004	53.000004	40.429733	48.039	1862000	2342000	1655000	480000	999000	5965568
1380	1	50.000004	50.000004	50.000004	50.000004	40.41894	47.355003	1939000	2457000	1816000	535000	999000	7252860
1385	1	48.000004	46.000004	47.000004	48.000004	40.41247	46.000004	1939000	2457000	1816000	535000	999000	7330204
1391	1	46.000004	46.000004	46.000004	46.000004	40.313778	45.195004	2092000	2592000	2008000	585000	999000	7330632
1396	1	46.000004	44.000004	45.000004	46.000004	40.219032	44.016003	2188000	2707000	2303000	647000	999000	7333564
1401	1	45.000004	45.000004	45.000004	46.000004	40.03422	43.489002	2284000	2707000	2396000	740000	999000	7305136
1407	1	45.000004	44.000004	45.000004	45.000004	40.02931	42.965	2284000	2707000	2396000	740000	999000	7303252
1412	1	44.000004	43.000004	44.000004	45.000004	40.02636	42.676003	2400000	2937000	2770000	833000	999000	7430868
1417	1	44.000004	43.000004	43.000004	44.000004	39.91931	42.195004	2534000	3168000	3277000	963000	999000	7408816
1423	1	44.000004	42.000004	43.000004	44.000004	39.75494	41.826	2688000	3168000	3424000	1198000	999000	7405304
1428	1	44.000004	42.000004	43.000004	44.000004	39.67077	41.635002	2688000	3168000	3424000	1198000	999000	7379948
1433	1	43.000004	42.000004	43.000004	43.000004	39.51047	41.356003	2841000	3398000	3798000	1345000	999000	7382180
1438	1	43.000004	42.000004	43.000004	43.000004	39.35813	41.153004	2937000	3398000	3798000	1561000	999000	7366672
1444	1	43.000004	42.000004	42.000004	43.000004	39.27513	41.002003	3052000	3398000	3798000	1853000	999000	7361156
1449	1	43.000004	41.000004	42.000004	43.000004	39.163048	40.836002	3052000	3398000	3798000	1853000	999000	7411188
1454	1	43.000004	41.000004	42.000004	43.000004	39.06515	40.68	3052000	3782000	5471000	1853000	999000	7406452
1460	1	43.000004	41.000004	42.000004	43.000004	38.99538	40.56	3052000	3782000	5471000	1853000	999000	7382264
1465	1	43.000004	41.000004	42.000004	43.000004	38.889145	40.466003	3052000	3782000	5471000	1853000	999000	7380604
1470	1	42.000004	41.000004	42.000004	43.000004	38.818554	40.352	3052000	3782000	5471000	1853000	999000	7336176
1476	1	42.000004	41.000004	42.000004	43.000004	38.75078	40.229	3052000	3782000	5471000	1853000	999000	7339804
1481	1	42.000004	41.000004	42.000004	43.000004	38.653316	40.175003	3052000	3782000	5471000	1853000	999000	7423868
1486	1	42.000004	41.000004	42.000004	42.000004	38.63139	40.123	3052000	3782000	5471000	1853000	999000	7415352
1491	1	42.000004	41.000004	42.000004	42.000004	38.56583	39.978	3052000	3782000	5471000	1853000	999000	7394988
1497	1	42.000004	41.000004	42.000004	43.000004	38.496452	39.903004	3052000	3782000	5471000	1853000	999000	7408648
1502	1	42.000004	41.000004	41.000004	42.000004	38.429844	39.825	3052000	3782000	5471000	1853000	999000	7402444
1507	1	43.000004	42.000004	43.000004	43.000004	38.38938	40.008003	3052000	3782000	5471000	1853000	999000	7382688
1513	1	42.000004	42.000004	42.000004	42.000004	38.300797	40.382004	3052000	3782000	5471000	1853000	999000	7383552
1518	1	42.000004	41.000004	42.000004	42.000004	38.247643	40.225002	3052000	3782000	5471000	1853000	999000	7429768
1523	1	42.000004	40.0	41.000004	42.000004	38.12466	39.915	3052000	3782000	5471000	1853000	999000	7428224
1529	1	42.000004	40.0	41.000004	42.000004	38.037212	39.730003	3052000	3782000	5471000	1853000	999000	7398036
1534	1	42.000004	40.0	41.000004	42.000004	37.968098	39.595	3052000	3782000	5471000	1853000	999000	7395136
1539	1	42.000004	40.0	41.000004	42.000004	37.901752	39.483	3052000	3782000	5471000	1853000	999000	7452508
1545	1	42.000004	41.000004	41.000004	42.000004	37.948505	39.399002	3052000	3782000	5471000	1853000	999000	7442592
1550	1	41.000004	40.0	41.000004	42.000004	37.964764	39.289	3052000	3782000	5471000	1853000	999000	7449712
1555	1	41.000004	40.0	41.000004	41.000004	37.96821	39.208	3052000	3782000	5471000	1853000	999000	7434308
1561	1	41.000004	40.0	41.000004	41.000004	37.925182	39.103	3052000	3782000	5471000	1853000	999000	7439200
1566	1	41.000004	40.0	41.000004	42.000004	37.899364	39.056004	3052000	3782000	5471000	1853000	999000	7450928
1571	1	41.000004	40.0	41.000004	42.000004	37.82023	39.055	3052000	3782000	5471000	1853000	999000	7447776
1577	1	41.000004	40.0	40.0	41.000004	37.79358	38.979	3052000	3782000	5471000	1853000	999000	7436120
1582	1	41.000004	40.0	40.0	41.000004	37.767998	38.975002	3052000	3782000	5471000	1853000	999000	7424160
1587	1	41.000004	40.0	40.0	41.000004	37.703136	38.905003	3052000	3782000	5471000	1853000	999000	7423508
1593	1	41.000004	39.0	40.0	41.000004	37.640865	38.805	3052000	3782000	5471000	1853000	999000	7448872
1598	1	41.000004	40.0	40.0	41.000004	37.577946	38.736	3052000	3782000	5471000	1853000	999000	7424588
1603	1	41.000004	40.0	41.000004	41.000004	37.528667	38.689003	3052000	3782000	5471000	1853000	999000	7424136
1609	1	41.000004	39.0	40.0	41.000004	37.481358	38.625	3052000	3782000	5471000	1853000	999000	7421132
1614	1	41.000004	39.0	40.0	41.000004	37.468	38.569	3052000	3782000	5471000	1853000	999000	7425704
1619	1	41.000004	40.0	41.000004	41.000004	37.43332	38.516003	3052000	3782000	5471000	1853000	999000	7397808
1625	1	41.000004	39.0	40.0	41.000004	37.414314	38.466003	3052000	3782000	5471000	1853000	999000	7406352
1630	1	41.000004	41.000004	41.000004	42.000004	37.342464	38.480003	3052000	3782000	5471000	1853000	999000	7347428
1635	1	42.000004	41.000004	41.000004	42.000004	37.236736	39.092003	3052000	3782000	5471000	1853000	999000	7299560
1641	1	42.000004	41.000004	41.000004	42.000004	37.15076	39.278004	3052000	3782000	5471000	1853000	999000	7193924
1646	1	41.000004	40.0	40.0	41.000004	37.07644	39.085003	3052000	3782000	5471000	1853000	999000	7188556
1651	0	41.000004	40.0	41.000004	42.000004	37.005093	38.979	3052000	3782000	5471000	1853000	999000	7394600
1656	0	44.000004	43.000004	44.000004	46.000004	36.86691	39.178	3052000	3782000	5471000	1853000	999000	7283572
1662	0	43.000004	42.000004	43.000004	45.000004	36.83582	39.456	3052000	3782000	5471000	1853000	999000	7140356
1667	0	44.000004	42.000004	44.000004	44.000004	36.803783	39.719	3052000	3782000	5471000	1853000	999000	7021092
1672	0	48.000004	47.000004	48.000004	47.000004	36.650326	40.882004	3052000	3782000	5471000	1853000	999000	6845280
1678	0	48.000004	46.000004	47.000004	47.000004	36.429302	42.04	3052000	3782000	5471000	1853000	999000	6800752
1683	0	51.000004	48.000004	48.000004	48.000004	36.31741	42.648003	3052000	3782000	5471000	1853000	999000	6790168
1688	0	64.0	54.000004	53.000004	52.000004	36.28103	43.249	3052000	3782000	5471000	1853000	999000	6515992
1694	0	66.0	56.000004	54.000004	54.000004	36.25462	44.193	3052000	3782000	5471000	1853000	999000	5781472
1699	0	64.0	55.000004	54.000004	54.000004	36.25022	44.752003	3052000	3782000	5471000	1853000	999000	5114248
1704	0	65.0	56.000004	54.000004	53.000004	36.40333	45.006	3052000	3782000	5471000	1853000	999000	4624880
1710	0	60.000004	60.000004	60.000004	55.000004	36.669228	45.296	3052000	3782000	5471000	1853000	999000	4116504
1715	0	61.000004	60.000004	61.000004	55.000004	36.77365	45.342003	3052000	3782000	5471000	1853000	999000	3832204
1720	0	60.000004	58.000004	60.000004	55.000004	37.056713	45.388	3052000	3782000	5471000	1853000	999000	3455628
1725	0	63.000004	59.000004	60.000004	56.000004	37.120403	45.448	3052000	3782000	5471000	1853000	999000	2973016
1731	0	65.0	60.000004	61.000004	56.000004	37.324	45.773003	3052000	3782000	5471000	1853000	999000	2498068
1736	0	61.000004	55.000004	55.000004	55.000004	37.494576	46.208004	3052000	3398000	3798000	1853000	999000	1960312
1741	0	72.0	60.000004	58.000004	58.000004	37.61435	46.343002	3052000	3782000	5471000	1853000	999000	1280996
1747	0	85.00001	85.00001	90.00001	76.0	37.696682	47.519	3052000	3398000	3798000	1853000	999000	1617404
1752	0	85.00001	85.00001	90.00001	77.0	37.828323	52.052002	3052000	3398000	3798000	1853000	999000	2378800
1757	0	69.0	65.0	65.0	65.0	37.907307	54.239002	2937000	3168000	3424000	1561000	999000	3067964
1763	0	53.000004	52.000004	52.000004	53.000004	38.31753	52.549004	2841000	3168000	3277000	1345000	867000	7415992
1768	0	49.000004	48.000004	49.000004	50.000004	38.941513	48.976	2937000	3168000	3424000	1561000	999000	7296344
1773	0	47.000004	46.000004	47.000004	48.000004	39.14987	46.698	2937000	3168000	3424000	1561000	999000	7284816
1779	1	47.000004	45.000004	46.000004	46.000004	39.3499	45.193	3052000	3398000	3798000	1853000	999000	7231892
1784	1	46.000004	45.000004	46.000004	46.000004	39.27545	44.695004	3052000	3398000	3798000	1853000	999000	7184348
1789	1	45.000004	44.000004	45.000004	45.000004	39.01241	44.076	3052000	3782000	5471000	1853000	999000	7176192
1794	1	45.000004	43.000004	44.000004	45.000004	38.864635	43.033	3052000	3782000	5471000	1853000	999000	7364736
1800	1	44.000004	43.000004	43.000004	44.000004	38.422283	42.18	3052000	3782000	5471000	1853000	999000	7360028
1805	1	43.000004	42.000004	43.000004	43.000004	38.246876	41.555	3052000	3782000	5471000	1853000	999000	7355124
1810	1	43.000004	42.000004	42.000004	43.000004	38.17404	41.09	3052000	3782000	5471000	1853000	999000	7336472
1816	1	43.000004	42.000004	42.000004	43.000004	38.16637	40.729	3052000	3782000	5471000	1853000	999000	7333792
1821	1	42.000004	41.000004	42.000004	43.000004	38.161762	40.349003	3052000	3782000	5471000	1853000	999000	7338788
1826	1	42.000004	41.000004	42.000004	42.000004	37.992554	40.065002	3052000	3782000	5471000	1853000	999000	7334172
1832	1	42.000004	42.000004	42.000004	42.000004	37.829544	39.939003	3052000	3782000	5471000	1853000	999000	7367008
1837	1	42.000004	41.000004	42.000004	43.000004	37.75421	39.863003	3052000	3782000	5471000	1853000	999000	7339384
1842	1	42.000004	41.000004	41.000004	42.000004	37.6279	39.752003	3052000	3782000	5471000	1853000	999000	7356400
1848	1	42.000004	41.000004	41.000004	42.000004	37.552113	39.608	3052000	3782000	5471000	1853000	999000	7331904
1853	1	42.000004	40.0	41.000004	42.000004	37.421062	39.466003	3052000	3782000	5471000	1853000	999000	7328808
1858	1	42.000004	41.000004	41.000004	42.000004	37.369724	39.320004	3052000	3782000	5471000	1853000	999000	7311756
1864	1	42.000004	42.000004	41.000004	42.000004	37.311924	39.25	3052000	3782000	5471000	1853000	999000	7308408
1869	1	42.000004	40.0	41.000004	42.000004	37.203987	39.269	3052000	3782000	5471000	1853000	999000	7308308
1874	1	41.000004	40.0	41.000004	42.000004	37.13401	39.178	3052000	3782000	5471000	1853000	999000	7392288
1880	0	41.000004	40.0	41.000004	42.000004	37.090145	39.056004	3052000	3782000	5471000	1853000	999000	7353540
1885	0	42.000004	40.0	41.000004	42.000004	37.04152	38.97	3052000	3782000	5471000	1853000	999000	7344268
1890	0	41.000004	40.0	41.000004	41.000004	37.01234	38.843002	3052000	3782000	5471000	1853000	999000	7349568
1896	0	41.000004	40.0	41.000004	41.000004	36.92068	38.730003	3052000	3782000	5471000	1853000	999000	7337348
1901	0	41.000004	40.0	41.000004	42.000004	36.86407	38.670002	3052000	3782000	5471000	1853000	999000	7310728
1906	0	41.000004	40.0	41.000004	41.000004	36.830112	38.573	3052000	3782000	5471000	1853000	999000	7311292
1912	0	41.000004	40.0	40.0	41.000004	36.797348	38.496002	3052000	3782000	5471000	1853000	999000	7315572
1917	0	41.000004	40.0	41.000004	42.000004	36.755558	38.483	3052000	3782000	5471000	1853000	999000	7371400
1922	0	41.000004	39.0	40.0	41.000004	36.734905	38.502003	3052000	3782000	5471000	1853000	999000	7368916
1928	0	41.000004	39.0	40.0	41.000004	36.70254	38.433002	3052000	3782000	5471000	1853000	999000	7365472
1933	0	41.000004	39.0	40.0	41.000004	36.683125	38.323	3052000	3782000	5471000	1853000	999000	7371188
1938	0	41.000004	39.0	40.0	41.000004	36.614006	38.269	3052000	3782000	5471000	1853000	999000	7349688
1943	0	40.0	39.0	40.0	41.000004	36.584988	38.243	3052000	3782000	5471000	1853000	999000	7351456
1949	0	41.000004	39.0	40.0	41.000004	36.557125	38.170002	3052000	3782000	5471000	1853000	999000	7370888
1954	0	40.0	39.0	40.0	41.000004	36.53195	38.108	3052000	3782000	5471000	1853000	999000	7368896
1959	0	40.0	39.0	40.0	41.000004	36.507782	38.06	3052000	3782000	5471000	1853000	999000	7348608
1965	0	40.0	39.0	40.0	41.000004	36.452892	38.046	3052000	3782000	5471000	1853000	999000	7358092
1970	0	40.0	39.0	40.0	40.0	36.400196	37.988003	3052000	3782000	5471000	1853000	999000	7359852
1975	0	40.0	39.0	40.0	41.000004	36.35862	37.913002	3052000	3782000	5471000	1853000	999000	7412800
1981	0	40.0	39.0	40.0	41.000004	36.318707	37.878002	3052000	3782000	5471000	1853000	999000	7381468
1986	0	40.0	39.0	40.0	40.0	36.309917	37.836002	3052000	3782000	5471000	1853000	999000	7380640
1991	0	41.000004	39.0	40.0	41.000004	36.30148	37.795002	3052000	3782000	5471000	1853000	999000	7379588
1997	0	40.0	39.0	40.0	40.0	36.274593	37.802002	3052000	3782000	5471000	1853000	999000	7387604
2002	0	40.0	39.0	40.0	40.0	36.24878	37.74	3052000	3782000	5471000	1853000	999000	7388768
2007	0	40.0	39.0	39.0	40.0	36.19947	37.690002	3052000	3782000	5471000	1853000	999000	7374084
2013	0	40.0	39.0	39.0	40.0	36.166477	37.642002	3052000	3782000	5471000	1853000	999000	7362820
2018	0	40.0	39.0	40.0	40.0	36.146683	37.608	3052000	3782000	5471000	1853000	999000	7357348
2023	0	40.0	38.0	39.0	41.000004	36.108273	37.549004	3052000	3782000	5471000	1853000	999000	7351532
2029	0	40.0	39.0	39.0	40.0	36.098988	37.513	3052000	3782000	5471000	1853000	999000	7384340
2034	0	40.0	39.0	40.0	40.0	36.101677	37.49	3052000	3782000	5471000	1853000	999000	7378740
2039	0	40.0	38.0	39.0	40.0	36.10961	37.443	3052000	3782000	5471000	1853000	999000	7372472
2045	0	40.0	38.0	39.0	40.0	36.056374	37.382	3052000	3782000	5471000	1853000	999000	7374004
2050	0	40.0	38.0	39.0	40.0	36.005264	37.328003	3052000	3782000	5471000	1853000	999000	7378272
2055	0	41.000004	40.0	40.0	41.000004	35.959087	37.299004	3052000	3782000	5471000	1853000	999000	7347908
2061	0	40.0	39.0	40.0	40.0	35.91476	37.420002	3052000	3782000	5471000	1853000	999000	7346684
2066	0	40.0	39.0	39.0	41.000004	35.92055	37.475002	3052000	3782000	5471000	1853000	999000	7345640
2071	0	40.0	38.0	39.0	40.0	35.848835	37.390003	3052000	3782000	5471000	1853000	999000	7364300
2077	0	40.0	38.0	39.0	40.0	35.770454	37.320004	3052000	3782000	5471000	1853000	999000	7364148
2082	0	40.0	38.0	39.0	40.0	35.723423	37.278	3052000	3782000	5471000	1853000	999000	7358064
2087	0	40.0	38.0	39.0	40.0	35.707993	37.242	3052000	3782000	5471000	1853000	999000	7355500
2093	0	39.0	38.0	39.0	40.0	35.69318	37.203003	3052000	3782000	5471000	1853000	999000	7374556
2098	0	39.0	38.0	39.0	40.0	35.680557	37.156002	3052000	3782000	5471000	1853000	999000	7382428
2103	0	39.0	38.0	39.0	40.0	35.67298	37.102	3052000	3782000	5471000	1853000	999000	7377016
2109	0	40.0	38.0	39.0	40.0	35.65407	37.106003	3052000	3782000	5471000	1853000	999000	7341648
2114	0	40.0	38.0	39.0	40.0	35.62531	37.105003	3052000	3782000	5471000	1853000	999000	7345948
2119	0	39.0	38.0	39.0	40.0	35.60859	37.085003	3052000	3782000	5471000	1853000	999000	7345760
2125	0	39.0	38.0	39.0	40.0	35.579914	37.055	3052000	3782000	5471000	1853000	999000	7363208
2130	0	39.0	38.0	39.0	40.0	35.552387	36.988003	3052000	3782000	5471000	1853000	999000	7361304
2135	0	39.0	38.0	39.0	40.0	35.522526	36.925003	3052000	3782000	5471000	1853000	999000	7355728
2140	0	39.0	38.0	39.0	40.0	35.51555	36.920002	3052000	3782000	5471000	1853000	999000	7343212
2146	0	39.0	39.0	39.0	39.0	35.51136	36.925003	3052000	3782000	5471000	1853000	999000	7404548
2151	0	39.0	38.0	39.0	40.0	35.480232	36.903	3052000	3782000	5471000	1853000	999000	7403940
2156	0	39.0	38.0	39.0	40.0	35.44408	36.923	3052000	3782000	5471000	1853000	999000	7395484
2162	0	39.0	38.0	39.0	39.0	35.433594	36.873	3052000	3782000	5471000	1853000	999000	7396332
2167	0	40.0	39.0	39.0	40.0	35.41254	36.800003	3052000	3782000	5471000	1853000	999000	7372712
2172	0	40.0	38.0	39.0	39.0	35.399906	36.842003	3052000	3782000	5471000	1853000	999000	7352620
2178	0	39.0	38.0	39.0	40.0	35.29745	36.795002	3052000	3782000	5471000	1853000	999000	7366580
2183	0	39.0	38.0	39.0	40.0	35.243595	36.792004	3052000	3782000	5471000	1853000	999000	7380816
2188	0	39.0	38.0	39.0	40.0	35.225113	36.736	3052000	3782000	5471000	1853000	999000	7380616
2194	0	39.0	38.0	38.0	40.0	35.18823	36.66	3052000	3782000	5471000	1853000	999000	7382152
2199	0	39.0	38.0	39.0	39.0	35.152813	36.629	3052000	3782000	5471000	1853000	999000	7369312
2204	0	39.0	39.0	38.0	39.0	35.125782	36.645	3052000	3782000	5471000	1853000	999000	7368220
2209	0	40.0	38.0	39.0	40.0	35.099834	36.666	3052000	3782000	5471000	1853000	999000	7359772
2215	0	39.0	38.0	39.0	39.0	35.077446	36.738003	3052000	3782000	5471000	1853000	999000	7358692
2220	0	39.0	38.0	39.0	40.0	35.055958	36.715	3052000	3782000	5471000	1853000	999000	7335540
2225	0	39.0	39.0	39.0	39.0	35.03729	36.730003	3052000	3782000	5471000	1853000	999000	7341900
2231	0	39.0	38.0	39.0	40.0	35.01936	36.642002	3052000	3782000	5471000	1853000	999000	7399708
2236	0	39.0	38.0	38.0	39.0	34.98165	36.58	3052000	3782000	5471000	1853000	999000	7385496
2241	0	39.0	39.0	38.0	39.0	34.945446	36.522003	3052000	3782000	5471000	1853000	999000	7389644
2246	0	39.0	37.0	38.0	39.0	34.906796	36.486	3052000	3782000	5471000	1853000	999000	7394804
2252	0	39.0	37.0	38.0	39.0	34.86969	36.452003	3052000	3782000	5471000	1853000	999000	7366040
2257	0	39.0	37.0	38.0	39.0	34.87469	36.419003	3052000	3782000	5471000	1853000	999000	7363036
2262	0	39.0	37.0	38.0	39.0	34.87949	36.405003	3052000	3782000	5471000	1853000	999000	7383500
2268	0	39.0	37.0	38.0	39.0	34.869278	36.382	3052000	3782000	5471000	1853000	999000	7388572
2273	0	39.0	38.0	38.0	39.0	34.859474	36.320004	3052000	3782000	5471000	1853000	999000	7387136
2278	0	39.0	37.0	38.0	40.0	34.812843	36.298	3052000	3782000	5471000	1853000	999000	7378312
2284	0	39.0	37.0	38.0	39.0	34.76807	36.259003	3052000	3782000	5471000	1853000	999000	7384040
2289	0	39.0	38.0	39.0	39.0	34.752625	36.232002	3052000	3782000	5471000	1853000	999000	7379780
2294	0	39.0	37.0	38.0	39.0	34.75379	36.302002	3052000	3782000	5471000	1853000	999000	7363992
2300	0	38.0	37.0	38.0	39.0	34.754913	36.272003	3052000	3782000	5471000	1853000	999000	7369824
2305	0	39.0	37.0	38.0	39.0	34.739025	36.219	3052000	3782000	5471000	1853000	999000	7363052
2310	0	39.0	37.0	38.0	39.0	34.723774	36.178	3052000	3782000	5471000	1853000	999000	7391392
2315	0	38.0	37.0	38.0	39.0	34.711414	36.165	3052000	3782000	5471000	1853000	999000	7384280
2321	0	38.0	37.0	38.0	39.0	34.72154	36.15	3052000	3782000	5471000	1853000	999000	7390428
2326	0	39.0	37.0	38.0	39.0	34.692154	36.132	3052000	3782000	5471000	1853000	999000	7399736
2331	0	38.0	37.0	39.0	39.0	34.663948	36.116	3052000	3782000	5471000	1853000	999000	7410572
2337	0	39.0	37.0	38.0	39.0	34.6493	36.11	3052000	3782000	5471000	1853000	999000	7407552
2342	0	38.0	38.0	38.0	39.0	34.64051	36.146	3052000	3782000	5471000	1853000	999000	7382780
2347	0	38.0	37.0	38.0	39.0	34.61726	36.106003	3052000	3782000	5471000	1853000	999000	7380880
2352	0	38.0	37.0	38.0	39.0	34.603313	36.069	3052000	3782000	5471000	1853000	999000	7385820
2358	0	38.0	37.0	38.0	39.0	34.550415	36.019	3052000	3782000	5471000	1853000	999000	7379636
2363	0	38.0	37.0	38.0	39.0	34.518673	35.97	3052000	3782000	5471000	1853000	999000	7374896
2368	0	39.0	38.0	38.0	39.0	34.488716	35.95	3052000	3782000	5471000	1853000	999000	7394768
2374	0	38.0	38.0	38.0	39.0	34.470745	35.99	3052000	3782000	5471000	1853000	999000	7394376
2379	0	39.0	37.0	38.0	39.0	34.472614	35.962	3052000	3782000	5471000	1853000	999000	7394760
2384	0	38.0	37.0	38.0	39.0	34.47374	35.925003	3052000	3782000	5471000	1853000	999000	7386856
2389	0	39.0	37.0	38.0	39.0	34.44794	35.929	3052000	3782000	5471000	1853000	999000	7390412
2395	0	38.0	37.0	38.0	39.0	34.442135	35.998	3052000	3782000	5471000	1853000	999000	7383092
2400	0	38.0	37.0	38.0	39.0	34.413002	35.988003	3052000	3782000	5471000	1853000	999000	7385516
2405	0	38.0	37.0	38.0	38.0	34.400677	35.922	3052000	3782000	5471000	1853000	999000	7386076
2411	0	38.0	37.0	38.0	39.0	34.393284	35.873	3052000	3782000	5471000	1853000	999000	7393848
2416	0	39.0	37.0	38.0	39.0	34.343872	35.868	3052000	3782000	5471000	1853000	999000	7397132
2421	0	39.0	38.0	39.0	39.0	34.286575	36.013	3052000	3782000	5471000	1853000	999000	7367480
2427	0	38.0	37.0	38.0	39.0	34.26998	36.050003	3052000	3782000	5471000	1853000	999000	7367472
2432	0	38.0	37.0	38.0	39.0	34.263233	35.97	3052000	3782000	5471000	1853000	999000	7365844
2437	0	38.0	37.0	38.0	39.0	34.256752	35.878002	3052000	3782000	5471000	1853000	999000	7364860
2442	0	39.0	37.0	38.0	39.0	34.198105	35.81	3052000	3782000	5471000	1853000	999000	7405136
2448	0	38.0	38.0	38.0	39.0	34.16291	35.779003	3052000	3782000	5471000	1853000	999000	7389432
2453	0	38.0	37.0	38.0	39.0	34.11013	35.872	3052000	3782000	5471000	1853000	999000	7388720
2458	0	39.0	37.0	38.0	39.0	34.059464	35.848003	3052000	3782000	5471000	1853000	999000	7386744
2464	0	38.0	37.0	38.0	39.0	34.05451	35.793003	3052000	3782000	5471000	1853000	999000	7376468
2469	0	38.0	37.0	38.0	39.0	34.051537	35.753002	3052000	3782000	5471000	1853000	999000	7359284
2474	0	38.0	37.0	38.0	38.0	34.03069	35.723003	3052000	3782000	5471000	1853000	999000	7376872
2480	0	38.0	37.0	38.0	38.0	34.03861	35.708	3052000	3782000	5471000	1853000	999000	7409188
2485	0	38.0	37.0	37.0	38.0	34.031853	35.686	3052000	3782000	5471000	1853000	999000	7421284
2490	0	38.0	37.0	37.0	38.0	34.025368	35.63	3052000	3782000	5471000	1853000	999000	7423060
2496	0	38.0	37.0	37.0	38.0	33.999023	35.59	3052000	3782000	5471000	1853000	999000	7423688
2501	0	38.0	37.0	37.0	38.0	33.973736	35.552002	3052000	3782000	5471000	1853000	999000	7418872
2506	0	38.0	36.0	37.0	38.0	33.94429	35.526	3052000	3782000	5471000	1853000	999000	7407420
2512	0	38.0	37.0	37.0	38.0	33.916023	35.549	3052000	3782000	5471000	1853000	999000	7379068
2517	0	38.0	38.0	37.0	38.0	33.914192	35.545002	3052000	3782000	5471000	1853000	999000	7383376
2522	0	38.0	36.0	37.0	38.0	33.91243	35.509003	3052000	3782000	5471000	1853000	999000	7384680
2528	0	38.0	36.0	37.0	38.0	33.913624	35.482002	3052000	3782000	5471000	1853000	999000	7385320
2533	0	38.0	37.0	38.0	38.0	33.914337	35.442	3052000	3782000	5471000	1853000	999000	7383236
2538	0	38.0	37.0	37.0	38.0	33.904377	35.508003	3052000	3782000	5471000	1853000	999000	7380728
2544	0	38.0	37.0	38.0	38.0	33.894814	35.536003	3052000	3782000	5471000	1853000	999000	7375788
2549	0	38.0	37.0	38.0	38.0	33.90304	35.512	3052000	3782000	5471000	1853000	999000	7414548
2554	0	38.0	36.0	37.0	38.0	33.907974	35.465	3052000	3782000	5471000	1853000	999000	7423716
2560	0	38.0	36.0	37.0	38.0	33.904068	35.416	3052000	3782000	5471000	1853000	999000	7417972
2565	0	38.0	36.0	37.0	38.0	33.87768	35.376003	3052000	3782000	5471000	1853000	999000	7411824
2570	0	38.0	37.0	37.0	38.0	33.85319	35.345	3052000	3782000	5471000	1853000	999000	7411988
2576	0	38.0	36.0	37.0	38.0	33.83455	35.313004	3052000	3782000	5471000	1853000	999000	7405208
2581	0	38.0	37.0	38.0	38.0	33.81665	35.345	3052000	3782000	5471000	1853000	999000	7377204
2586	0	38.0	36.0	37.0	38.0	33.807987	35.356003	3052000	3782000	5471000	1853000	999000	7378968
2592	0	38.0	36.0	37.0	38.0	33.801422	35.34	3052000	3782000	5471000	1853000	999000	7383448
2597	0	38.0	36.0	37.0	38.0	33.797485	35.278	3052000	3782000	5471000	1853000	999000	7392020
2602	0	38.0	36.0	37.0	38.0	33.704723	35.238003	3052000	3782000	5471000	1853000	999000	7385912
2608	0	38.0	36.0	37.0	38.0	33.659687	35.212	3052000	3782000	5471000	1853000	999000	7379592
2613	0	38.0	36.0	37.0	38.0	33.63266	35.236	3052000	3782000	5471000	1853000	999000	7354656
2618	0	38.0	36.0	37.0	38.0	33.632	35.208	3052000	3782000	5471000	1853000	999000	7363704
2624	0	37.0	36.0	37.0	38.0	33.631607	35.175003	3052000	3782000	5471000	1853000	999000	7362704
2629	0	38.0	36.0	37.0	38.0	33.624947	35.153	3052000	3782000	5471000	1853000	999000	7361824
2634	0	37.0	37.0	37.0	38.0	33.620953	35.13	3052000	3782000	5471000	1853000	999000	7362072
2640	0	38.0	36.0	37.0	38.0	33.59952	35.096	3052000	3782000	5471000	1853000	999000	7360756
2645	0	37.0	36.0	37.0	38.0	33.598133	35.073	3052000	3782000	5471000	1853000	999000	7357084
2650	0	37.0	36.0	37.0	38.0	33.5968	35.059002	3052000	3782000	5471000	1853000	999000	7370616
2656	0	37.0	36.0	37.0	38.0	33.5838	35.04	3052000	3782000	5471000	1853000	999000	7408056
2661	0	37.0	37.0	37.0	38.0	33.57846	35.003002	3052000	3782000	5471000	1853000	999000	7405760
2666	0	37.0	36.0	37.0	38.0	33.57702	34.976	3052000	3782000	5471000	1853000	999000	7405532
2672	0	37.0	36.0	37.0	38.0	33.564682	34.962	3052000	3782000	5471000	1853000	999000	7410560
2677	0	37.0	36.0	37.0	38.0	33.552837	34.932003	3052000	3782000	5471000	1853000	999000	7414168
2682	0	37.0	36.0	37.0	38.0	33.516083	34.986	3052000	3782000	5471000	1853000	999000	7395912
2688	0	37.0	36.0	37.0	37.0	33.494034	34.985	3052000	3782000	5471000	1853000	999000	7394840
2693	0	37.0	36.0	37.0	38.0	33.4572	34.959003	3052000	3782000	5471000	1853000	999000	7395244
2698	0	37.0	36.0	37.0	38.0	33.421837	34.918003	3052000	3782000	5471000	1853000	999000	7379328
2704	0	37.0	36.0	37.0	38.0	33.401226	34.935	3052000	3782000	5471000	1853000	999000	7408912
2709	0	38.0	36.0	37.0	38.0	33.38886	34.906002	3052000	3782000	5471000	1853000	999000	7404972
2714	0	37.0	36.0	37.0	38.0	33.403294	34.873	3052000	3782000	5471000	1853000	999000	7420796
2720	0	37.0	36.0	37.0	38.0	33.422657	34.842003	3052000	3782000	5471000	1853000	999000	7412892
2725	0	37.0	36.0	37.0	38.0	33.39295	34.809002	3052000	3782000	5471000	1853000	999000	7403636
2730	0	37.0	36.0	37.0	37.0	33.36442	34.792	3052000	3782000	5471000	1853000	999000	7406528
2736	0	37.0	36.0	37.0	37.0	33.3339	34.775	3052000	3782000	5471000	1853000	999000	7406504
2741	0	37.0	36.0	37.0	38.0	33.304596	34.800003	3052000	3782000	5471000	1853000	999000	7399168
2746	0	37.0	36.0	37.0	37.0	33.305393	34.808002	3052000	3782000	5471000	1853000	999000	7392472
2752	0	37.0	36.0	37.0	37.0	33.306156	34.785	3052000	3782000	5471000	1853000	999000	7399704
2757	0	37.0	36.0	36.0	37.0	33.266697	34.769	3052000	3782000	5471000	1853000	999000	7387912
2762	0	37.0	36.0	37.0	37.0	33.228813	34.730003	3052000	3782000	5471000	1853000	999000	7391024
2768	0	37.0	36.0	37.0	38.0	33.199635	34.7	3052000	3782000	5471000	1853000	999000	7395452
2773	0	38.0	36.0	37.0	37.0	33.182125	34.730003	3052000	3782000	5471000	1853000	999000	7403616
2779	0	37.0	36.0	36.0	37.0	33.18542	34.728	3052000	3782000	5471000	1853000	999000	7408448
2784	0	37.0	37.0	36.0	37.0	33.188583	34.693	3052000	3782000	5471000	1853000	999000	7400668
2789	0	37.0	36.0	37.0	38.0	33.201492	34.678	3052000	3782000	5471000	1853000	999000	7401956
2795	0	37.0	36.0	36.0	37.0	33.203064	34.635002	3052000	3782000	5471000	1853000	999000	7401568
2800	0	37.0	36.0	37.0	37.0	33.204563	34.628002	3052000	3782000	5471000	1853000	999000	7410244
2805	0	37.0	36.0	36.0	37.0	33.174828	34.620003	3052000	3782000	5471000	1853000	999000	7412956
2811	0	37.0	35.0	37.0	37.0	33.146275	34.600002	3052000	3782000	5471000	1853000	999000	7428488
2816	0	37.0	37.0	37.0	37.0	33.132515	34.579002	3052000	3782000	5471000	1853000	999000	7427808
2821	0	37.0	36.0	37.0	37.0	33.119297	34.56	3052000	3782000	5471000	1853000	999000	7427900
2827	0	39.0	38.0	40.0	40.0	33.118416	34.599003	3052000	3782000	5471000	1853000	999000	7237260
2832	0	38.0	37.0	38.0	39.0	33.11757	35.056004	3052000	3782000	5471000	1853000	999000	7252940
2837	0	38.0	37.0	38.0	39.0	33.10715	35.223003	3052000	3782000	5471000	1853000	999000	7333112
2842	0	38.0	37.0	38.0	39.0	33.09715	35.432003	3052000	3782000	5471000	1853000	999000	7156572
2848	0	38.0	38.0	39.0	39.0	33.07486	35.459003	3052000	3782000	5471000	1853000	999000	7306480
2853	0	38.0	37.0	38.0	39.0	33.061485	35.480003	3052000	3782000	5471000	1853000	999000	7303936
2858	0	38.0	37.0	38.0	39.0	32.96164	35.443	3052000	3782000	5471000	1853000	999000	7120276
2864	0	38.0	37.0	38.0	39.0	32.901733	35.476	3052000	3782000	5471000	1853000	999000	7095800
2869	0	39.0	37.0	38.0	39.0	32.843983	35.476	3052000	3782000	5471000	1853000	999000	7160532
2874	0	38.0	37.0	38.0	39.0	32.78854	35.5	3052000	3782000	5471000	1853000	999000	7195320
2879	0	38.0	37.0	39.0	39.0	32.78147	35.52	3052000	3782000	5471000	1853000	999000	7311180
2885	0	38.0	37.0	38.0	39.0	32.77723	35.523003	3052000	3782000	5471000	1853000	999000	7173812
2890	0	38.0	37.0	38.0	39.0	32.79091	35.63	3052000	3782000	5471000	1853000	999000	7179080
2896	0	38.0	37.0	38.0	39.0	32.802307	35.649002	3052000	3782000	5471000	1853000	999000	7221364
2901	0	38.0	36.0	37.0	38.0	32.810295	35.618	3052000	3782000	5471000	1853000	999000	7144988
2906	0	37.0	36.0	37.0	38.0	32.749916	35.373	3052000	3782000	5471000	1853000	999000	7152896
2911	0	38.0	37.0	37.0	38.0	32.713688	35.170002	3052000	3782000	5471000	1853000	999000	7308860
2917	0	37.0	36.0	37.0	37.0	32.637104	35.028	3052000	3782000	5471000	1853000	999000	7311832
2922	0	37.0	36.0	37.0	38.0	32.694805	34.975002	3052000	3782000	5471000	1853000	999000	7325824
2927	0	37.0	36.0	37.0	38.0	32.729427	34.890003	3052000	3782000	5471000	1853000	999000	7319216
2933	0	37.0	36.0	36.0	37.0	32.75747	34.800003	3052000	3782000	5471000	1853000	999000	7325260
2938	0	37.0	36.0	37.0	37.0	32.78439	34.742	3052000	3782000	5471000	1853000	999000	7313944
2944	0	37.0	36.0	37.0	37.0	32.808186	34.72	3052000	3782000	5471000	1853000	999000	7299356
2949	0	37.0	36.0	36.0	37.0	32.822464	34.659	3052000	3782000	5471000	1853000	999000	7328064
2954	0	37.0	37.0	37.0	37.0	32.863518	34.596	3052000	3782000	5471000	1853000	999000	7322588
2960	0	37.0	36.0	37.0	38.0	32.90293	34.569	3052000	3782000	5471000	1853000	999000	7366192
2965	0	37.0	35.0	36.0	37.0	32.88287	34.588	3052000	3782000	5471000	1853000	999000	7372084
2970	0	37.0	36.0	36.0	37.0	32.86361	34.533	3052000	3782000	5471000	1853000	999000	7365296
2976	0	37.0	35.0	36.0	37.0	32.85423	34.49	3052000	3782000	5471000	1853000	999000	7366332
2981	0	37.0	36.0	36.0	37.0	32.845222	34.463	3052000	3782000	5471000	1853000	999000	7359212
2987	0	37.0	35.0	36.0	37.0	32.842323	34.445004	3052000	3782000	5471000	1853000	999000	7363480
2992	0	37.0	35.0	36.0	37.0	32.85422	34.422	3052000	3782000	5471000	1853000	999000	7361576
2997	0	37.0	36.0	37.0	37.0	32.862404	34.41	3052000	3782000	5471000	1853000	999000	7363868
3003	0	37.0	35.0	37.0	37.0	32.865368	34.386	3052000	3782000	5471000	1853000	999000	7404652
3008	0	37.0	36.0	36.0	37.0	32.86715	34.372	3052000	3782000	5471000	1853000	999000	7404420
3013	0	37.0	35.0	36.0	37.0	32.850864	34.339	3052000	3782000	5471000	1853000	999000	7407712
3018	0	37.0	35.0	36.0	37.0	32.840454	34.322002	3052000	3782000	5471000	1853000	999000	7411656
3024	0	37.0	35.0	36.0	37.0	32.825302	34.309002	3052000	3782000	5471000	1853000	999000	7410164
3029	0	37.0	35.0	36.0	37.0	32.81621	34.305	3052000	3782000	5471000	1853000	999000	7407688
3034	0	37.0	35.0	36.0	37.0	32.81083	34.302002	3052000	3782000	5471000	1853000	999000	7415320
3040	0	37.0	35.0	36.0	37.0	32.807602	34.289	3052000	3782000	5471000	1853000	999000	7408304
3045	0	37.0	35.0	36.0	37.0	32.82869	34.275	3052000	3782000	5471000	1853000	999000	7415436
3050	0	37.0	35.0	36.0	37.0	32.832455	34.249	3052000	3782000	5471000	1853000	999000	7407512
3056	0	37.0	35.0	36.0	37.0	32.831867	34.280003	3052000	3782000	5471000	1853000	999000	7410820
3061	0	37.0	35.0	36.0	37.0	32.807896	34.306	3052000	3782000	5471000	1853000	999000	7413656
3066	0	37.0	36.0	37.0	37.0	32.800774	34.288002	3052000	3782000	5471000	1853000	999000	7412824
3071	0	37.0	36.0	37.0	37.0	32.793934	34.395	3052000	3782000	5471000	1853000	999000	7411792
3077	0	37.0	35.0	36.0	37.0	32.7869	34.399002	3052000	3782000	5471000	1853000	999000	7408588
3082	0	37.0	35.0	36.0	37.0	32.78015	34.415	3052000	3782000	5471000	1853000	999000	7375396
3088	0	37.0	36.0	37.0	37.0	32.750195	34.385002	3052000	3782000	5471000	1853000	999000	7372900
3093	0	37.0	35.0	36.0	37.0	32.72144	34.405003	3052000	3782000	5471000	1853000	999000	7361636
3098	0	37.0	36.0	36.0	37.0	32.673367	34.36	3052000	3782000	5471000	1853000	999000	7353928
3103	0	37.0	36.0	36.0	37.0	32.64452	34.376003	3052000	3782000	5471000	1853000	999000	7380796
3109	0	37.0	35.0	36.0	37.0	32.634727	34.345	3052000	3782000	5471000	1853000	999000	7381964
3114	0	37.0	35.0	36.0	37.0	32.625328	34.298	3052000	3782000	5471000	1853000	999000	7382608
3120	0	37.0	35.0	36.0	37.0	32.634743	34.269	3052000	3782000	5471000	1853000	999000	7378548
3125	0	37.0	35.0	37.0	37.0	32.640392	34.222	3052000	3782000	5471000	1853000	999000	7373612
3130	0	37.0	35.0	36.0	37.0	32.6305	34.222	3052000	3782000	5471000	1853000	999000	7370444
3135	0	37.0	35.0	36.0	37.0	32.603615	34.206	3052000	3782000	5471000	1853000	999000	7374436
3141	0	37.0	36.0	36.0	37.0	32.5835	34.185	3052000	3782000	5471000	1853000	999000	7391244
3146	0	37.0	35.0	36.0	37.0	32.60029	34.170002	3052000	3782000	5471000	1853000	999000	7394304
3151	0	37.0	35.0	36.0	37.0	32.616405	34.203003	3052000	3782000	5471000	1853000	999000	7372740
3157	0	37.0	35.0	36.0	37.0	32.62754	34.2	3052000	3782000	5471000	1853000	999000	7364108
3162	0	37.0	35.0	36.0	37.0	32.61468	34.190002	3052000	3782000	5471000	1853000	999000	7367992
3167	0	37.0	35.0	36.0	37.0	32.606968	34.188	3052000	3782000	5471000	1853000	999000	7368640
3173	0	37.0	35.0	36.0	37.0	32.595825	34.173	3052000	3782000	5471000	1853000	999000	7365116
3178	0	37.0	36.0	36.0	37.0	32.58513	34.159	3052000	3782000	5471000	1853000	999000	7368228
3184	0	37.0	35.0	36.0	37.0	32.5706	34.153	3052000	3782000	5471000	1853000	999000	7365012
3189	0	37.0	35.0	36.0	37.0	32.561882	34.143	3052000	3782000	5471000	1853000	999000	7353500
3194	0	37.0	35.0	36.0	37.0	32.55265	34.222	3052000	3782000	5471000	1853000	999000	7355000
3200	0	37.0	35.0	36.0	37.0	32.543793	34.209003	3052000	3782000	5471000	1853000	999000	7352432
3205	0	37.0	35.0	36.0	37.0	32.54439	34.190002	3052000	3782000	5471000	1853000	999000	7386276
3210	0	37.0	36.0	36.0	37.0	32.54475	34.190002	3052000	3782000	5471000	1853000	999000	7381556
3216	0	37.0	35.0	36.0	37.0	32.542774	34.148003	3052000	3782000	5471000	1853000	999000	7382516
3221	0	37.0	35.0	36.0	37.0	32.585514	34.11	3052000	3782000	5471000	1853000	999000	7381072
3226	0	37.0	35.0	36.0	37.0	32.59513	34.105003	3052000	3782000	5471000	1853000	999000	7392972
3231	0	37.0	36.0	37.0	38.0	32.587635	34.173	3052000	3782000	5471000	1853000	999000	7402692
3237	0	37.0	35.0	36.0	37.0	32.58458	34.246002	3052000	3782000	5471000	1853000	999000	7403452
3242	0	37.0	35.0	36.0	37.0	32.58275	34.219	3052000	3782000	5471000	1853000	999000	7401104
3247	0	37.0	35.0	36.0	37.0	32.56928	34.192	3052000	3782000	5471000	1853000	999000	7398324
3253	0	37.0	35.0	36.0	37.0	32.532837	34.119003	3052000	3782000	5471000	1853000	999000	7397828
3258	0	36.0	35.0	36.0	37.0	32.515827	34.082	3052000	3782000	5471000	1853000	999000	7397908
3263	0	37.0	35.0	36.0	37.0	32.494637	34.125	3052000	3782000	5471000	1853000	999000	7410700
3269	0	37.0	35.0	36.0	37.0	32.481926	34.125	3052000	3782000	5471000	1853000	999000	7407464
3274	0	36.0	36.0	36.0	37.0	32.45302	34.085003	3052000	3782000	5471000	1853000	999000	7407312
3279	0	37.0	35.0	36.0	37.0	32.43567	34.043003	3052000	3782000	5471000	1853000	999000	7385008
3284	0	37.0	35.0	36.0	37.0	32.403576	34.093002	3052000	3782000	5471000	1853000	999000	7388204
3290	0	37.0	35.0	36.0	37.0	32.40947	34.086002	3052000	3782000	5471000	1853000	999000	7379524
3295	0	36.0	35.0	36.0	37.0	32.42184	34.052002	3052000	3782000	5471000	1853000	999000	7385360
3300	0	36.0	35.0	36.0	37.0	32.429268	34.030003	3052000	3782000	5471000	1853000	999000	7375172
3306	0	36.0	35.0	36.0	36.0	32.4115	33.998	3052000	3782000	5471000	1853000	999000	7382300
3311	0	37.0	36.0	36.0	37.0	32.395096	33.992	3052000	3782000	5471000	1853000	999000	7365944
3316	0	37.0	35.0	36.0	37.0	32.387653	34.099003	3052000	3782000	5471000	1853000	999000	7383656
3321	0	37.0	35.0	36.0	37.0	32.412804	34.112003	3052000	3782000	5471000	1853000	999000	7405444
3327	0	37.0	35.0	36.0	37.0	32.433983	34.058002	3052000	3782000	5471000	1853000	999000	7413220
3332	0	37.0	35.0	36.0	37.0	32.44669	34.035	3052000	3782000	5471000	1853000	999000	7410440
3337	0	37.0	35.0	36.0	37.0	32.425552	34.056	3052000	3782000	5471000	1853000	999000	7399924
3343	0	37.0	35.0	37.0	37.0	32.412872	34.012	3052000	3782000	5471000	1853000	999000	7403264
3348	0	37.0	35.0	36.0	37.0	32.41578	33.986	3052000	3782000	5471000	1853000	999000	7401836
3353	0	37.0	35.0	36.0	37.0	32.418568	33.960003	3052000	3782000	5471000	1853000	999000	7399804
3359	0	36.0	35.0	36.0	37.0	32.40378	33.938	3052000	3782000	5471000	1853000	999000	7404420
3364	0	36.0	35.0	36.0	37.0	32.394913	33.909	3052000	3782000	5471000	1853000	999000	7395804
3369	0	37.0	35.0	36.0	37.0	32.37203	33.899002	3052000	3782000	5471000	1853000	999000	7398340
3375	0	37.0	36.0	36.0	37.0	32.35006	33.875	3052000	3782000	5471000	1853000	999000	7402644
3380	0	36.0	36.0	36.0	36.0	32.33932	33.862003	3052000	3782000	5471000	1853000	999000	7404372
3385	0	36.0	35.0	36.0	37.0	32.332882	33.858	3052000	3782000	5471000	1853000	999000	7397572
3391	0	37.0	35.0	36.0	37.0	32.365753	33.849003	3052000	3782000	5471000	1853000	999000	7404752
3396	0	37.0	35.0	36.0	36.0	32.368484	33.846	3052000	3782000	5471000	1853000	999000	7406796
3401	0	36.0	36.0	36.0	36.0	32.364014	33.835003	3052000	3782000	5471000	1853000	999000	7403048
3407	0	37.0	35.0	36.0	37.0	32.343227	33.836002	3052000	3782000	5471000	1853000	999000	7401596
3412	0	36.0	35.0	36.0	37.0	32.323277	33.839	3052000	3782000	5471000	1853000	999000	7398196
3417	0	36.0	35.0	36.0	36.0	32.32519	33.826	3052000	3782000	5471000	1853000	999000	7409864
3423	0	36.0	35.0	36.0	36.0	32.335197	33.872	3052000	3782000	5471000	1853000	999000	7387472
3428	0	37.0	35.0	36.0	36.0	32.341198	33.892002	3052000	3782000	5471000	1853000	999000	7394128
3433	0	36.0	35.0	35.0	36.0	32.34309	33.875	3052000	3782000	5471000	1853000	999000	7396704
3439	0	36.0	35.0	36.0	37.0	32.344913	33.852	3052000	3782000	5471000	1853000	999000	7391068
3444	0	36.0	35.0	36.0	37.0	32.330463	33.832	3052000	3782000	5471000	1853000	999000	7388976
3449	0	36.0	35.0	36.0	37.0	32.32179	33.799	3052000	3782000	5471000	1853000	999000	7388712
3455	0	36.0	36.0	36.0	36.0	32.321304	33.778	3052000	3782000	5471000	1853000	999000	7411328
3460	0	36.0	35.0	36.0	37.0	32.320843	33.77	3052000	3782000	5471000	1853000	999000	7421408
3465	0	37.0	35.0	36.0	37.0	32.319107	33.779003	3052000	3782000	5471000	1853000	999000	7425452
3471	0	37.0	36.0	36.0	37.0	32.317448	33.919003	3052000	3782000	5471000	1853000	999000	7408868
3476	0	36.0	35.0	36.0	36.0	32.32282	33.906002	3052000	3782000	5471000	1853000	999000	7409932
3481	0	36.0	35.0	36.0	37.0	32.327972	33.846	3052000	3782000	5471000	1853000	999000	7414208
3487	0	36.0	35.0	36.0	36.0	32.316605	33.806	3052000	3782000	5471000	1853000	999000	7410164
3492	0	36.0	35.0	36.0	36.0	32.305687	33.756	3052000	3782000	5471000	1853000	999000	7407500
3497	0	36.0	35.0	36.0	37.0	32.262608	33.739002	3052000	3782000	5471000	1853000	999000	7407200
3503	0	36.0	35.0	36.0	37.0	32.236763	33.716003	3052000	3782000	5471000	1853000	999000	7411228
3508	0	36.0	35.0	35.0	36.0	32.20106	33.702003	3052000	3782000	5471000	1853000	999000	7408932
3513	0	36.0	35.0	36.0	37.0	32.17977	33.809002	3052000	3782000	5471000	1853000	999000	7355296
3519	0	36.0	35.0	36.0	36.0	32.179848	33.829002	3052000	3782000	5471000	1853000	999000	7355288
3524	0	36.0	35.0	35.0	37.0	32.178967	33.805	3052000	3782000	5471000	1853000	999000	7367364
3529	0	36.0	35.0	36.0	36.0	32.17844	33.780003	3052000	3782000	5471000	1853000	999000	7368956
3535	0	36.0	35.0	36.0	37.0	32.148357	33.736	3052000	3782000	5471000	1853000	999000	7373816
3540	0	36.0	35.0	36.0	37.0	32.130306	33.788002	3052000	3782000	5471000	1853000	999000	7362488
3545	0	36.0	35.0	36.0	36.0	32.151638	33.779003	3052000	3782000	5471000	1853000	999000	7360068
3550	0	36.0	35.0	36.0	36.0	32.17338	33.755	3052000	3782000	5471000	1853000	999000	7380748
3556	0	36.0	36.0	35.0	36.0	32.163452	33.710003	3052000	3782000	5471000	1853000	999000	7378188
3561	0	36.0	35.0	36.0	36.0	32.153923	33.678	3052000	3782000	5471000	1853000	999000	7380748
3566	0	36.0	35.0	35.0	36.0	32.15638	33.658	3052000	3782000	5471000	1853000	999000	7379128
3572	0	37.0	35.0	36.0	37.0	32.158745	33.636	3052000	3782000	5471000	1853000	999000	7379540
3577	0	36.0	36.0	36.0	37.0	32.145096	33.635002	3052000	3782000	5471000	1853000	999000	7396716
3582	0	36.0	35.0	36.0	36.0	32.13691	33.658	3052000	3782000	5471000	1853000	999000	7396864
3588	0	36.0	35.0	36.0	37.0	32.139626	33.649002	3052000	3782000	5471000	1853000	999000	7400176
3593	0	36.0	35.0	36.0	37.0	32.14126	33.712	3052000	3782000	5471000	1853000	999000	7384932
3598	0	36.0	36.0	36.0	36.0	32.17193	33.769	3052000	3782000	5471000	1853000	999000	7377960
3604	0	36.0	35.0	36.0	36.0	32.190334	33.736	3052000	3782000	5471000	1853000	999000	7379412
3609	0	36.0	35.0	35.0	36.0	32.187927	33.690002	3052000	3782000	5471000	1853000	999000	7379260
3614	0	36.0	35.0	35.0	36.0	32.185616	33.65	3052000	3782000	5471000	1853000	999000	7381340
3620	0	36.0	35.0	36.0	36.0	32.15867	33.615	3052000	3782000	5471000	1853000	999000	7379880
3625	0	36.0	35.0	35.0	36.0	32.1425	33.576	3052000	3782000	5471000	1853000	999000	7376552
3630	0	36.0	36.0	36.0	36.0	32.114143	33.563	3052000	3782000	5471000	1853000	999000	7377840
3636	0	36.0	35.0	35.0	36.0	32.086918	33.548	3052000	3782000	5471000	1853000	999000	7372628
3641	0	36.0	35.0	36.0	37.0	32.06264	33.592003	3052000	3782000	5471000	1853000	999000	7369640
3646	0	36.0	35.0	35.0	36.0	32.06458	33.652	3052000	3782000	5471000	1853000	999000	7382984
3652	0	36.0	35.0	36.0	36.0	32.066437	33.615	3052000	3782000	5471000	1853000	999000	7384256
3657	0	36.0	35.0	36.0	37.0	32.080555	33.582	3052000	3782000	5471000	1853000	999000	7382792
3662	0	36.0	35.0	36.0	36.0	32.08077	33.619003	3052000	3782000	5471000	1853000	999000	7378392
3668	0	36.0	35.0	36.0	36.0	32.080894	33.595	3052000	3782000	5471000	1853000	999000	7379204
3673	0	36.0	36.0	36.0	36.0	32.067707	33.582	3052000	3782000	5471000	1853000	999000	7379420
3678	0	36.0	35.0	36.0	36.0	32.055046	33.556	3052000	3782000	5471000	1853000	999000	7380124
3683	0	37.0	35.0	36.0	37.0	32.03746	33.633003	3052000	3782000	5471000	1853000	999000	7390808
3689	0	37.0	35.0	36.0	37.0	32.02691	33.79	3052000	3782000	5471000	1853000	999000	7395392
3694	0	36.0	35.0	36.0	36.0	32.042793	33.762	3052000	3782000	5471000	1853000	999000	7387848
3700	0	36.0	35.0	36.0	36.0	32.058044	33.688	3052000	3782000	5471000	1853000	999000	7389644
3705	0	36.0	35.0	36.0	36.0	32.05686	33.63	3052000	3782000	5471000	1853000	999000	7386092
3710	0	36.0	35.0	35.0	36.0	32.056152	33.568	3052000	3782000	5471000	1853000	999000	7388104
3716	0	36.0	35.0	36.0	36.0	32.0188	33.522003	3052000	3782000	5471000	1853000	999000	7386896
3721	0	36.0	35.0	36.0	36.0	31.982935	33.542	3052000	3782000	5471000	1853000	999000	7361508
3726	0	36.0	36.0	35.0	36.0	31.960533	33.579002	3052000	3782000	5471000	1853000	999000	7363124
3732	0	36.0	36.0	36.0	36.0	31.939026	33.603	3052000	3782000	5471000	1853000	999000	7357792
3737	0	36.0	36.0	35.0	36.0	31.930443	33.612003	3052000	3782000	5471000	1853000	999000	7364808
3742	0	36.0	36.0	36.0	36.0	31.922205	33.566	3052000	3782000	5471000	1853000	999000	7371376
3747	0	36.0	35.0	35.0	36.0	31.919477	33.530003	3052000	3782000	5471000	1853000	999000	7365368
3753	0	36.0	35.0	35.0	36.0	31.916864	33.492	3052000	3782000	5471000	1853000	999000	7367732
3758	0	36.0	36.0	35.0	36.0	31.92776	33.462	3052000	3782000	5471000	1853000	999000	7375228
3763	0	36.0	35.0	36.0	37.0	31.938221	33.455	3052000	3782000	5471000	1853000	999000	7365200
3769	0	36.0	35.0	36.0	36.0	31.949392	33.45	3052000	3782000	5471000	1853000	999000	7361976
3774	0	36.0	36.0	35.0	36.0	31.96012	33.433002	3052000	3782000	5471000	1853000	999000	7375088
3779	0	36.0	35.0	35.0	36.0	31.958036	33.420002	3052000	3782000	5471000	1853000	999000	7389960
3785	0	36.0	35.0	35.0	36.0	31.956041	33.398003	3052000	3782000	5471000	1853000	999000	7397900
3790	0	36.0	35.0	35.0	36.0	31.95904	33.385002	3052000	3782000	5471000	1853000	999000	7396832
3795	0	36.0	35.0	36.0	36.0	31.947037	33.372	3052000	3782000	5471000	1853000	999000	7394172
3801	0	36.0	34.0	35.0	36.0	31.939837	33.366	3052000	3782000	5471000	1853000	999000	7393428
3806	0	36.0	34.0	35.0	36.0	31.928453	33.346	3052000	3782000	5471000	1853000	999000	7413968
3811	0	36.0	34.0	35.0	36.0	31.914083	33.332	3052000	3782000	5471000	1853000	999000	7416152
3817	0	36.0	34.0	35.0	36.0	31.906998	33.322002	3052000	3782000	5471000	1853000	999000	7414532
3822	0	36.0	35.0	35.0	36.0	31.893217	33.313	3052000	3782000	5471000	1853000	999000	7411820
3827	0	36.0	34.0	35.0	36.0	31.886095	33.31	3052000	3782000	5471000	1853000	999000	7414308
3833	0	36.0	34.0	35.0	36.0	31.87926	33.300003	3052000	3782000	5471000	1853000	999000	7409024
3838	0	36.0	34.0	35.0	36.0	31.86165	33.298	3052000	3782000	5471000	1853000	999000	7406300
3843	0	36.0	35.0	36.0	36.0	31.851084	33.29	3052000	3782000	5471000	1853000	999000	7407700
3849	0	36.0	34.0	35.0	36.0	31.844946	33.272003	3052000	3782000	5471000	1853000	999000	7406548
3854	0	36.0	34.0	35.0	36.0	31.839052	33.348003	3052000	3782000	5471000	1853000	999000	7397680
3859	0	36.0	35.0	35.0	36.0	31.845467	33.34	3052000	3782000	5471000	1853000	999000	7398604
3864	0	36.0	36.0	35.0	36.0	31.849314	33.308002	3052000	3782000	5471000	1853000	999000	7397488
3870	0	36.0	36.0	35.0	36.0	31.835068	33.273003	3052000	3782000	5471000	1853000	999000	7391088
3875	0	36.0	34.0	35.0	36.0	31.821392	33.249	3052000	3782000	5471000	1853000	999000	7390576
3881	0	36.0	34.0	35.0	36.0	31.79142	33.24	3052000	3782000	5471000	1853000	999000	7387836
3886	0	36.0	34.0	35.0	36.0	31.773436	33.229	3052000	3782000	5471000	1853000	999000	7391272
3891	0	36.0	34.0	35.0	36.0	31.792835	33.222	3052000	3782000	5471000	1853000	999000	7398200
3896	0	36.0	34.0	36.0	36.0	31.812044	33.203003	3052000	3782000	5471000	1853000	999000	7394204
3902	0	36.0	35.0	36.0	37.0	31.81931	33.49	3052000	3782000	5471000	1853000	999000	7307580
3907	0	36.0	35.0	35.0	36.0	31.834154	33.606003	3052000	3782000	5471000	1853000	999000	7312912
3912	0	36.0	34.0	35.0	36.0	31.848404	33.582	3052000	3782000	5471000	1853000	999000	7336468
3918	0	36.0	34.0	35.0	36.0	31.825756	33.49	3052000	3782000	5471000	1853000	999000	7343528
3923	0	36.0	34.0	35.0	36.0	31.774767	33.428	3052000	3782000	5471000	1853000	999000	7353544
3928	0	36.0	34.0	35.0	36.0	31.744173	33.338	3052000	3782000	5471000	1853000	999000	7347016
3934	0	36.0	36.0	35.0	36.0	31.740501	33.41	3052000	3782000	5471000	1853000	999000	7326180
3939	0	36.0	34.0	35.0	36.0	31.736979	33.448	3052000	3782000	5471000	1853000	999000	7340792
3944	0	36.0	34.0	35.0	36.0	31.707026	33.419003	3052000	3782000	5471000	1853000	999000	7338344
3950	0	36.0	34.0	35.0	36.0	31.689053	33.339	3052000	3782000	5471000	1853000	999000	7337076
3955	0	36.0	35.0	35.0	36.0	31.665396	33.386	3052000	3782000	5471000	1853000	999000	7356984
3960	0	36.0	34.0	35.0	36.0	31.642689	33.396	3052000	3782000	5471000	1853000	999000	7364452
3966	0	36.0	34.0	35.0	36.0	31.669056	33.355003	3052000	3782000	5471000	1853000	999000	7371724
3971	0	36.0	36.0	35.0	36.0	31.684877	33.296	3052000	3782000	5471000	1853000	999000	7386360
3976	0	36.0	34.0	35.0	36.0	31.7	33.230003	3052000	3782000	5471000	1853000	999000	7376624
3982	0	36.0	34.0	35.0	36.0	31.729197	33.188	3052000	3782000	5471000	1853000	999000	7387060
3987	0	35.0	34.0	35.0	36.0	31.755083	33.166	3052000	3782000	5471000	1853000	999000	7383080
3992	0	36.0	34.0	35.0	36.0	31.779936	33.175003	3052000	3782000	5471000	1853000	999000	7383128
3998	0	36.0	34.0	35.0	36.0	31.77237	33.153	3052000	3782000	5471000	1853000	999000	7385004
4003	0	36.0	35.0	35.0	36.0	31.765106	33.13	3052000	3782000	5471000	1853000	999000	7380984
4008	0	36.0	35.0	35.0	36.0	31.752079	33.126003	3052000	3782000	5471000	1853000	999000	7376760
4014	0	36.0	34.0	35.0	36.0	31.739574	33.11	3052000	3782000	5471000	1853000	999000	7371956
4019	0	36.0	34.0	35.0	36.0	31.742384	33.103	3052000	3782000	5471000	1853000	999000	7380488
4024	0	36.0	35.0	35.0	36.0	31.744072	33.105003	3052000	3782000	5471000	1853000	999000	7372012
4030	0	36.0	34.0	35.0	36.0	31.725962	33.100002	3052000	3782000	5471000	1853000	999000	7376032
4035	0	36.0	34.0	35.0	36.0	31.706396	33.093002	3052000	3782000	5471000	1853000	999000	7381268
4040	0	36.0	35.0	35.0	36.0	31.694656	33.096	3052000	3782000	5471000	1853000	999000	7378024
4046	0	35.0	35.0	35.0	36.0	31.698404	33.09	3052000	3782000	5471000	1853000	999000	7374708
4051	0	36.0	34.0	35.0	36.0	31.703552	33.089	3052000	3782000	5471000	1853000	999000	7382732
4056	0	35.0	34.0	35.0	36.0	31.717615	33.083	3052000	3782000	5471000	1853000	999000	7383132
4061	0	36.0	34.0	35.0	36.0	31.731115	33.086002	3052000	3782000	5471000	1853000	999000	7388844
4067	0	36.0	34.0	35.0	36.0	31.729868	33.099003	3052000	3782000	5471000	1853000	999000	7382628
4072	0	35.0	34.0	35.0	36.0	31.728674	33.102	3052000	3782000	5471000	1853000	999000	7380284
4077	0	35.0	34.0	35.0	36.0	31.714083	33.099003	3052000	3782000	5471000	1853000	999000	7381380
4083	0	36.0	34.0	35.0	36.0	31.700077	33.083	3052000	3782000	5471000	1853000	999000	7384336
4088	0	36.0	34.0	35.0	36.0	31.68492	33.089	3052000	3782000	5471000	1853000	999000	7382984
4093	0	36.0	34.0	35.0	36.0	31.670368	33.09	3052000	3782000	5471000	1853000	999000	7374304
4099	0	36.0	34.0	35.0	36.0	31.66545	33.088	3052000	3782000	5471000	1853000	999000	7375132
4104	0	36.0	34.0	35.0	36.0	31.662498	33.078003	3052000	3782000	5471000	1853000	999000	7371044
4109	0	36.0	34.0	36.0	36.0	31.655884	33.07	3052000	3782000	5471000	1853000	999000	7349844
4115	0	36.0	34.0	35.0	36.0	31.64954	33.100002	3052000	3782000	5471000	1853000	999000	7341236
4120	0	35.0	35.0	35.0	36.0	31.664001	33.096	3052000	3782000	5471000	1853000	999000	7344332
4125	0	36.0	34.0	35.0	36.0	31.672678	33.103	3052000	3782000	5471000	1853000	999000	7345540
4131	0	36.0	35.0	35.0	36.0	31.685717	33.126003	3052000	3782000	5471000	1853000	999000	7363780
4136	0	36.0	35.0	35.0	36.0	31.698236	33.115	3052000	3782000	5471000	1853000	999000	7358972
4142	0	36.0	34.0	35.0	36.0	31.66417	33.098003	3052000	3782000	5471000	1853000	999000	7358092
4147	0	36.0	34.0	35.0	37.0	31.660639	33.072002	3052000	3782000	5471000	1853000	999000	7365752
4152	0	36.0	34.0	35.0	36.0	31.657244	33.065002	3052000	3782000	5471000	1853000	999000	7370256
4158	0	35.0	34.0	35.0	36.0	31.644165	33.056	3052000	3782000	5471000	1853000	999000	7366960
4163	0	36.0	34.0	35.0	36.0	31.619299	33.099003	3052000	3782000	5471000	1853000	999000	7367184
4168	0	36.0	34.0	35.0	36.0	31.606142	33.155003	3052000	3782000	5471000	1853000	999000	7371316
4174	0	36.0	34.0	35.0	36.0	31.614592	33.140003	3052000	3782000	5471000	1853000	999000	7369064
4179	0	36.0	34.0	35.0	36.0	31.622705	33.11	3052000	3782000	5471000	1853000	999000	7364620
4184	0	36.0	34.0	35.0	36.0	31.6353	33.086002	3052000	3782000	5471000	1853000	999000	7361796
4189	0	35.0	34.0	35.0	36.0	31.642857	33.065002	3052000	3782000	5471000	1853000	999000	7352844
4195	0	35.0	34.0	35.0	36.0	31.674377	33.068	3052000	3782000	5471000	1853000	999000	7358236
4200	0	36.0	35.0	35.0	36.0	31.704634	33.056	3052000	3782000	5471000	1853000	999000	7379288
4205	0	36.0	34.0	35.0	36.0	31.695324	33.06	3052000	3782000	5471000	1853000	999000	7368652
4211	0	35.0	35.0	35.0	36.0	31.689735	33.053	3052000	3782000	5471000	1853000	999000	7362164
4216	0	35.0	34.0	35.0	36.0	31.66216	33.039	3052000	3782000	5471000	1853000	999000	7357364
4221	0	36.0	35.0	35.0	36.0	31.635693	33.02	3052000	3782000	5471000	1853000	999000	7358868
4227	0	36.0	35.0	35.0	36.0	31.630482	33.012	3052000	3782000	5471000	1853000	999000	7367564
4232	0	35.0	34.0	35.0	36.0	31.625479	32.998	3052000	3782000	5471000	1853000	999000	7357228
4237	0	35.0	35.0	35.0	36.0	31.608528	32.999	3052000	3782000	5471000	1853000	999000	7363540
4243	0	35.0	34.0	35.0	36.0	31.592257	32.996002	3052000	3782000	5471000	1853000	999000	7371732
4248	0	35.0	34.0	35.0	36.0	31.589268	32.99	3052000	3782000	5471000	1853000	999000	7367060
4253	0	36.0	34.0	35.0	36.0	31.586397	32.989002	3052000	3782000	5471000	1853000	999000	7357524
4259	0	35.0	34.0	35.0	36.0	31.606686	32.986	3052000	3782000	5471000	1853000	999000	7364436
4264	0	35.0	34.0	35.0	36.0	31.618856	32.980003	3052000	3782000	5471000	1853000	999000	7360856
4269	0	35.0	34.0	35.0	36.0	31.617458	32.978	3052000	3782000	5471000	1853000	999000	7355768
4275	0	35.0	34.0	35.0	36.0	31.616116	32.972	3052000	3782000	5471000	1853000	999000	7352260
4280	0	36.0	34.0	35.0	36.0	31.609423	32.959003	3052000	3782000	5471000	1853000	999000	7358696
4285	0	35.0	34.0	35.0	36.0	31.630299	32.960003	3052000	3782000	5471000	1853000	999000	7359760
4291	0	35.0	34.0	35.0	36.0	31.613228	32.962	3052000	3782000	5471000	1853000	999000	7360516
4296	0	35.0	35.0	35.0	35.0	31.602303	32.962	3052000	3782000	5471000	1853000	999000	7364224
4301	0	36.0	35.0	35.0	36.0	31.595743	32.956	3052000	3782000	5471000	1853000	999000	7361340
4307	0	35.0	34.0	35.0	36.0	31.58862	32.952	3052000	3782000	5471000	1853000	999000	7358840
4312	0	35.0	34.0	35.0	36.0	31.605263	32.948	3052000	3782000	5471000	1853000	999000	7358168
4317	0	35.0	35.0	35.0	36.0	31.616209	32.956	3052000	3782000	5471000	1853000	999000	7377500
4323	0	35.0	35.0	35.0	36.0	31.641853	32.942	3052000	3782000	5471000	1853000	999000	7382664
4328	0	35.0	34.0	35.0	36.0	31.623146	32.936	3052000	3782000	5471000	1853000	999000	7373440
4333	0	36.0	35.0	36.0	37.0	31.605185	32.969	3052000	3782000	5471000	1853000	999000	7281356
4339	0	36.0	36.0	35.0	36.0	31.58215	33.398003	3052000	3782000	5471000	1853000	999000	7210072
4344	0	36.0	34.0	35.0	36.0	31.568327	33.425003	3052000	3782000	5471000	1853000	999000	7219588
4349	0	36.0	35.0	36.0	36.0	31.55851	33.332	3052000	3782000	5471000	1853000	999000	7226268
4355	0	36.0	35.0	35.0	36.0	31.549084	33.390003	3052000	3782000	5471000	1853000	999000	7351552
4360	0	36.0	34.0	35.0	36.0	31.494377	33.34	3052000	3782000	5471000	1853000	999000	7346580
4365	0	36.0	34.0	35.0	36.0	31.461552	33.32	3052000	3782000	5471000	1853000	999000	7335676
4371	0	36.0	34.0	35.0	36.0	31.467365	33.265003	3052000	3782000	5471000	1853000	999000	7334568
4376	0	36.0	34.0	35.0	36.0	31.472946	33.176003	3052000	3782000	5471000	1853000	999000	7338868
4381	0	36.0	34.0	35.0	36.0	31.479572	33.148003	3052000	3782000	5471000	1853000	999000	7329808
4387	0	36.0	34.0	35.0	36.0	31.483545	33.103	3052000	3782000	5471000	1853000	999000	7337896
4392	0	36.0	35.0	35.0	36.0	31.516317	33.082	3052000	3782000	5471000	1853000	999000	7359224
4397	0	35.0	34.0	36.0	36.0	31.56093	33.063	3052000	3782000	5471000	1853000	999000	7349660
4402	0	36.0	34.0	35.0	36.0	31.596682	33.045002	3052000	3782000	5471000	1853000	999000	7367056
4408	0	36.0	34.0	35.0	36.0	31.587582	33.025	3052000	3782000	5471000	1853000	999000	7365696
4413	0	35.0	35.0	35.0	36.0	31.578848	33.009003	3052000	3782000	5471000	1853000	999000	7358976
4418	0	35.0	35.0	35.0	36.0	31.55825	32.992	3052000	3782000	5471000	1853000	999000	7365012
4424	0	36.0	34.0	35.0	36.0	31.559338	32.988003	3052000	3782000	5471000	1853000	999000	7366652
4429	0	36.0	34.0	35.0	36.0	31.55999	32.982002	3052000	3782000	5471000	1853000	999000	7362200
4435	0	35.0	35.0	35.0	36.0	31.570541	32.965	3052000	3782000	5471000	1853000	999000	7364404
4440	0	35.0	34.0	35.0	36.0	31.58067	32.955	3052000	3782000	5471000	1853000	999000	7362100
4445	0	35.0	34.0	35.0	36.0	31.581362	32.95	3052000	3782000	5471000	1853000	999000	7352324
4451	0	35.0	34.0	35.0	36.0	31.581776	32.943	3052000	3782000	5471000	1853000	999000	7352908
4456	0	36.0	34.0	35.0	36.0	31.573397	32.938	3052000	3782000	5471000	1853000	999000	7352580
4461	0	35.0	35.0	35.0	35.0	31.565353	32.940002	3052000	3782000	5471000	1853000	999000	7339232
4466	0	36.0	34.0	35.0	36.0	31.560072	33.095	3052000	3782000	5471000	1853000	999000	7350768
4472	0	36.0	34.0	35.0	36.0	31.556904	33.106003	3052000	3782000	5471000	1853000	999000	7388092
4477	0	40.0	38.0	39.0	39.0	31.576715	33.072002	3052000	3782000	5471000	1853000	999000	7369908
4482	0	38.0	37.0	37.0	38.0	31.595736	33.820004	3052000	3782000	5471000	1853000	999000	7231004
4488	0	39.0	37.0	39.0	40.0	31.541853	34.382	3052000	3782000	5471000	1853000	999000	7133792
4493	0	41.000004	40.0	40.0	41.000004	31.490122	34.742	3052000	3782000	5471000	1853000	999000	6958500
4498	0	48.000004	44.000004	44.000004	44.000004	31.421206	35.516003	3052000	3782000	5471000	1853000	999000	6820884
4503	0	44.000004	42.000004	45.000004	43.000004	31.379852	36.858	3052000	3782000	5471000	1853000	999000	6797652
4508	0	43.000004	42.000004	44.000004	43.000004	31.405153	37.535004	3052000	3782000	5471000	1853000	999000	6840396
4514	0	74.0	49.000004	45.000004	44.000004	31.429441	38.473003	3052000	3782000	5471000	1853000	999000	6806504
4519	0	55.000004	53.000004	53.000004	49.000004	31.512243	39.296	3052000	3782000	5471000	1853000	999000	6200616
4524	0	60.000004	51.000004	50.000004	50.000004	31.591736	40.038002	3052000	3782000	5471000	1853000	999000	5459732
4530	0	61.000004	51.000004	50.000004	50.000004	31.69956	40.379	3052000	3782000	5471000	1853000	999000	4826720
4535	0	60.000004	51.000004	50.000004	49.000004	31.764256	40.879	3052000	3782000	5471000	1853000	999000	4262932
4540	0	54.000004	52.000004	55.000004	49.000004	32.04653	40.948	3052000	3782000	5471000	1853000	999000	4037504
4546	0	55.000004	53.000004	54.000004	50.000004	32.31752	41.336002	3052000	3782000	5471000	1853000	999000	3601544
4551	0	60.000004	57.000004	57.000004	52.000004	32.57679	41.718002	3052000	3782000	5471000	1853000	999000	3135596
4556	0	69.0	56.000004	53.000004	52.000004	32.732353	42.625004	3052000	3782000	5471000	1853000	999000	2653344
4561	0	67.0	58.000004	55.000004	53.000004	33.018345	43.038002	3052000	3782000	5471000	1853000	999000	2215364
4567	0	67.0	60.000004	55.000004	54.000004	33.2929	43.785004	3052000	3782000	5471000	1853000	999000	1622032
4572	0	89.00001	84.00001	86.00001	65.0	33.55285	44.605003	3052000	3782000	5471000	1853000	999000	1171536
4578	0	94.00001	92.00001	96.00001	78.0	33.73667	47.772003	3052000	3782000	5471000	1853000	999000	1960212
4583	0	95.00001	94.00001	97.00001	80.0	33.91314	51.63	3052000	3782000	5471000	1853000	999000	2778852
4588	0	95.00001	93.00001	98.00001	81.00001	34.34647	54.598003	3052000	3782000	5471000	1853000	999000	2997364
4594	0	95.00001	94.00001	98.00001	81.00001	34.76247	56.281002	3052000	3782000	5471000	1853000	999000	2976644
4599	0	94.00001	94.00001	99.00001	82.00001	35.615116	57.367004	3052000	3782000	5471000	1853000	999000	2964488
4604	0	96.00001	95.00001	101.00001	84.00001	36.17891	58.199	3052000	3782000	5471000	1853000	999000	2869148
4610	0	95.00001	94.00001	100.00001	83.00001	36.720146	58.960003	3052000	3782000	5471000	1853000	999000	2857648
4615	0	96.00001	94.00001	100.00001	82.00001	37.62601	59.446003	3052000	3782000	5471000	1853000	999000	2992824
4620	0	93.00001	93.00001	97.00001	84.00001	38.121998	59.767002	3052000	3782000	5471000	1853000	999000	2991524
4626	0	87.00001	88.00001	93.00001	81.00001	38.2973	59.856003	2937000	3398000	3798000	1561000	867000	2904792
4631	0	85.00001	85.00001	90.00001	77.0	38.700882	59.338	2937000	3398000	3798000	1561000	867000	2880708
4636	0	85.00001	84.00001	89.00001	77.0	39.01209	58.628002	2841000	3168000	3424000	1345000	609000	2888116
4642	1	85.00001	84.00001	87.00001	76.0	39.190968	58.291004	2688000	3168000	3277000	1198000	489000	2947788
4647	1	83.00001	82.00001	85.00001	75.0	39.256283	58.078003	2534000	2937000	2770000	963000	403000	2926500
4652	1	82.00001	82.00001	84.00001	74.0	39.450993	57.631004	2534000	2937000	2770000	963000	403000	2937136
4658	1	75.0	75.0	77.0	70.0	39.503952	56.820004	2400000	2707000	2396000	833000	369000	3024248
4663	1	72.0	72.0	74.0	67.0	39.5013	55.774002	2284000	2707000	2303000	740000	318000	2997112
4669	1	69.0	69.0	71.0	66.0	39.49256	54.472004	2188000	2592000	2008000	647000	279000	3016148
4674	1	67.0	67.0	70.0	64.0	39.423428	52.827003	2188000	2457000	2008000	647000	279000	3018936
4680	1	65.0	64.0	67.0	61.000004	39.30833	51.623	2092000	2457000	1816000	585000	279000	3013660
4685	1	63.000004	62.000004	64.0	60.000004	39.218407	50.857002	1939000	2342000	1655000	535000	279000	2986664
4691	1	61.000004	61.000004	63.000004	59.000004	39.13208	49.690002	1862000	2208000	1462000	480000	279000	3028548
4696	1	60.000004	60.000004	61.000004	58.000004	39.02363	49.08	1785000	2208000	1462000	388000	318000	3001976
4701	1	60.000004	59.000004	61.000004	58.000004	38.84421	48.633003	1785000	2208000	1462000	388000	318000	2978188
4707	1	61.000004	61.000004	62.000004	60.000004	38.6588	48.31	1785000	2208000	1462000	388000	369000	2955700
4712	1	61.000004	60.000004	62.000004	59.000004	38.58618	48.175003	1785000	2208000	1462000	388000	403000	2928060
4717	1	61.000004	60.000004	62.000004	60.000004	38.495052	48.063004	1785000	2208000	1462000	388000	403000	3025236
4723	1	61.000004	60.000004	62.000004	58.000004	38.407566	47.973003	1785000	2208000	1462000	388000	403000	2998700
4728	1	60.000004	60.000004	61.000004	58.000004	38.313522	47.908	1785000	2208000	1462000	388000	489000	3000532
4734	1	61.000004	60.000004	61.000004	59.000004	38.28007	47.845	1785000	2208000	1462000	388000	489000	2970676
4739	1	61.000004	60.000004	62.000004	58.000004	38.2727	47.799004	1785000	2208000	1462000	388000	609000	2966604
4745	1	61.000004	60.000004	61.000004	58.000004	38.270473	47.689003	1785000	2208000	1462000	388000	609000	2972660
4750	1	61.000004	59.000004	61.000004	57.000004	38.269726	47.638	1785000	2208000	1462000	388000	609000	2979376
4755	1	61.000004	60.000004	62.000004	60.000004	38.26808	47.619003	1785000	2208000	1462000	388000	609000	2974372
4761	1	61.000004	60.000004	61.000004	58.000004	38.278038	47.635002	1785000	2208000	1462000	388000	867000	2983676
4766	1	61.000004	60.000004	62.000004	60.000004	38.284603	47.600002	1785000	2208000	1462000	388000	867000	2976188
4771	1	60.000004	60.000004	61.000004	59.000004	38.33486	47.558002	1785000	2208000	1462000	388000	867000	2995604
4777	1	60.000004	60.000004	61.000004	59.000004	38.360786	47.528004	1785000	2208000	1462000	388000	999000	2999824
4782	1	61.000004	60.000004	62.000004	59.000004	38.37482	47.522003	1862000	2208000	1462000	480000	999000	2997484
4787	1	62.000004	60.000004	63.000004	58.000004	38.369152	47.578003	1862000	2208000	1462000	480000	999000	2997924
4793	1	61.000004	60.000004	63.000004	59.000004	38.362457	47.676003	1862000	2208000	1462000	480000	999000	2998220
4798	1	62.000004	60.000004	63.000004	59.000004	38.380905	47.786003	1939000	2208000	1462000	535000	999000	3007620
4804	1	62.000004	61.000004	63.000004	58.000004	38.404873	47.828003	1862000	2208000	1462000	480000	999000	3011296
4809	1	60.000004	60.000004	62.000004	58.000004	38.416763	47.808002	1862000	2208000	1462000	480000	999000	3012100
4814	1	61.000004	62.000004	63.000004	61.000004	38.463512	47.870003	1862000	2208000	1462000	480000	999000	3008408
4820	1	53.000004	51.000004	52.000004	52.000004	38.51299	47.643	1862000	2208000	1462000	480000	999000	3556052
